date,open,high,low,close,volume
2017-11-28,102500.0,108970.0,102500.0,108970.0,41090
2017-11-29,113740.0,116600.0,109990.0,115440.0,114970
2017-11-30,116390.0,118160.0,112030.0,112030.0,59880
2017-12-01,112030.0,112880.0,110710.0,112370.0,41490
2017-12-04,112370.0,116120.0,112370.0,113160.0,77450
2017-12-05,114720.0,115100.0,112370.0,112370.0,64960
2017-12-06,112370.0,113400.0,107610.0,111690.0,65890
2017-12-07,112370.0,113400.0,107270.0,108760.0,50120
2017-12-08,107610.0,108800.0,104710.0,105220.0,85860
2017-12-11,105900.0,105900.0,99770.0,99770.0,142910
2017-12-12,106760.0,106760.0,104880.0,106580.0,311160
2017-12-13,108870.0,109310.0,106580.0,106930.0,133180
2017-12-14,107950.0,107950.0,105220.0,105220.0,131480
2017-12-15,105220.0,105560.0,104540.0,105290.0,138480
2017-12-18,105290.0,108250.0,105290.0,105290.0,255930
2017-12-19,105290.0,105560.0,97940.0,97940.0,362340
2017-12-20,91260.0,95350.0,91090.0,91090.0,276270
2017-12-21,85810.0,90240.0,84760.0,84860.0,583060
2017-12-22,87860.0,89220.0,85470.0,85470.0,226780
2017-12-25,86800.0,90550.0,85810.0,90100.0,119540
2017-12-26,89900.0,89970.0,87170.0,87520.0,174190
2017-12-27,87170.0,88540.0,85880.0,85880.0,156790
2017-12-28,86490.0,86490.0,84860.0,84860.0,177330
2017-12-29,86430.0,86430.0,84860.0,84890.0,170350
2018-01-02,86490.0,86730.0,85100.0,85910.0,116190
2018-01-03,85910.0,90240.0,85910.0,90240.0,231500
2018-01-04,91260.0,91500.0,89560.0,91090.0,238800
2018-01-05,91260.0,91430.0,89590.0,90000.0,131870
2018-01-08,89560.0,89900.0,88200.0,88880.0,115690
2018-01-09,89900.0,89900.0,88540.0,88880.0,127130
2018-01-10,88880.0,89220.0,88200.0,88370.0,82190
2018-01-11,88880.0,89900.0,88300.0,88880.0,184000
2018-01-12,89560.0,89560.0,88200.0,88780.0,94390
2018-01-15,90080.0,90080.0,84600.0,89910.0,81970
2018-01-16,89910.0,89910.0,89050.0,89390.0,152440
2018-01-17,89390.0,89910.0,88880.0,89050.0,171960
2018-01-18,88980.0,88980.0,87430.0,88980.0,104920
2018-01-19,88980.0,89050.0,88010.0,88190.0,200930
2018-01-22,88010.0,90430.0,86840.0,90080.0,184370
2018-01-23,90080.0,90080.0,90080.0,90080.0,0
2018-01-24,90080.0,90080.0,90080.0,90080.0,0
2018-01-25,90430.0,90430.0,88700.0,89050.0,94990
2018-01-26,89050.0,89080.0,87010.0,87010.0,103010
2018-01-29,87010.0,87190.0,84560.0,84560.0,164600
2018-01-30,84220.0,84910.0,84040.0,84910.0,95220
2018-01-31,84910.0,86980.0,84910.0,85250.0,124310
2018-02-01,85250.0,85250.0,84080.0,84560.0,138000
2018-02-02,84560.0,85250.0,83220.0,85250.0,77900
2018-02-05,84560.0,85180.0,81460.0,82460.0,126340
2018-02-06,82460.0,82460.0,76730.0,80320.0,134250
2018-02-07,80350.0,83180.0,80250.0,80350.0,45750
2018-02-08,80350.0,80770.0,77660.0,77660.0,67480
2018-02-09,77660.0,77660.0,74550.0,77660.0,96300
2018-02-12,79380.0,80420.0,77660.0,80420.0,108810
2018-02-13,80770.0,81800.0,80420.0,80730.0,20870
2018-02-21,82150.0,84560.0,80770.0,83180.0,52050
2018-02-22,82840.0,83530.0,82080.0,82080.0,121670
2018-02-23,83870.0,83870.0,81730.0,82840.0,44180
2018-02-26,82840.0,84220.0,81800.0,83770.0,220820
2018-02-27,84560.0,84560.0,82590.0,83350.0,202240
2018-02-28,83530.0,83530.0,81180.0,81180.0,101780
2018-03-01,80420.0,81180.0,79350.0,80080.0,104990
2018-03-02,79140.0,79380.0,78630.0,78690.0,89080
2018-03-05,78690.0,79660.0,78000.0,78000.0,80570
2018-03-06,78000.0,78070.0,75760.0,76110.0,259600
2018-03-07,76110.0,77280.0,75930.0,76280.0,84500
2018-03-08,76620.0,76620.0,75930.0,75970.0,48500
2018-03-09,76620.0,76660.0,75730.0,76070.0,49770
2018-03-12,76620.0,76620.0,75930.0,76000.0,41840
2018-03-13,76280.0,76280.0,74380.0,74900.0,100580
2018-03-14,74550.0,74860.0,71790.0,74070.0,215240
2018-03-15,72830.0,73860.0,70690.0,73860.0,196320
2018-03-16,75590.0,78970.0,72480.0,78870.0,442820
2018-03-19,79380.0,81040.0,77660.0,77660.0,103660
2018-03-20,76310.0,79010.0,75660.0,78000.0,89610
2018-03-21,78350.0,78690.0,76620.0,78000.0,106190
2018-03-22,78000.0,81280.0,76970.0,79730.0,199230
2018-03-23,79420.0,81800.0,78040.0,81250.0,162010
2018-03-26,80770.0,84560.0,80770.0,84290.0,174720
2018-03-27,85910.0,85910.0,82870.0,84220.0,83420
2018-03-28,84220.0,84560.0,82150.0,82530.0,104670
2018-03-29,83530.0,83530.0,82490.0,82530.0,78840
2018-03-30,82530.0,83530.0,82530.0,83040.0,76080
2018-04-02,84040.0,84560.0,82150.0,82150.0,88560
2018-04-03,82150.0,82490.0,79040.0,79040.0,65850
2018-04-04,79730.0,79730.0,76970.0,78000.0,55540
2018-04-05,78040.0,80590.0,76970.0,78420.0,43680
2018-04-06,78000.0,79380.0,78000.0,78420.0,32490
2018-04-09,77310.0,79040.0,77310.0,77660.0,43750
2018-04-10,77970.0,80280.0,77140.0,79380.0,87150
2018-04-11,78380.0,81080.0,78380.0,79380.0,46760
2018-04-12,79380.0,79730.0,78690.0,79380.0,55840
2018-04-13,79070.0,80080.0,78520.0,78630.0,73370
2018-04-16,79040.0,79520.0,78520.0,79210.0,31290
2018-04-17,79450.0,79730.0,78690.0,79040.0,24610
2018-04-18,79730.0,79730.0,78420.0,78690.0,51070
2018-04-19,78970.0,78970.0,73240.0,73240.0,77190
2018-04-20,73240.0,77000.0,73240.0,76620.0,54550
2018-04-23,77310.0,78690.0,74550.0,75070.0,54110
2018-04-24,74900.0,76970.0,74210.0,74900.0,46310
2018-04-26,76280.0,76280.0,74900.0,75590.0,33360
2018-04-27,75420.0,76110.0,73520.0,73520.0,89760
2018-05-02,74210.0,74550.0,73520.0,73550.0,48470
2018-05-03,73520.0,75070.0,73280.0,75000.0,30530
2018-05-04,75590.0,75590.0,74550.0,75590.0,19780
2018-05-07,75930.0,80870.0,75900.0,80870.0,65630
2018-05-08,80870.0,83490.0,79380.0,81080.0,60600
2018-05-09,82490.0,82530.0,79830.0,80770.0,74870
2018-05-10,80080.0,81970.0,75930.0,80770.0,66110
2018-05-11,80770.0,81460.0,78760.0,81460.0,53000
2018-05-14,82150.0,84910.0,79420.0,84910.0,96830
2018-05-15,85430.0,89050.0,83530.0,86290.0,122170
2018-05-16,86290.0,86980.0,84220.0,86980.0,48810
2018-05-17,86120.0,86700.0,83350.0,83350.0,97390
2018-05-18,84730.0,87120.0,83420.0,87120.0,76970
2018-05-21,87120.0,88050.0,85430.0,86630.0,122730
2018-05-22,85490.0,86220.0,84560.0,85560.0,79840
2018-05-23,85940.0,86320.0,83250.0,83870.0,137620
2018-05-24,84220.0,84560.0,80420.0,83800.0,103370
2018-05-25,81730.0,84490.0,80770.0,80770.0,71290
2018-05-28,78690.0,82040.0,78690.0,80080.0,51610
2018-05-29,80830.0,80830.0,76620.0,79040.0,99830
2018-05-30,77900.0,79380.0,76380.0,79040.0,104040
2018-05-31,79040.0,84560.0,77310.0,82840.0,210920
2018-06-01,83870.0,84560.0,81520.0,84560.0,77480
2018-06-04,84220.0,84560.0,82490.0,83390.0,50940
2018-06-05,83220.0,86290.0,82490.0,85460.0,52080
2018-06-06,84560.0,86220.0,84220.0,85250.0,31750
2018-06-07,85250.0,86290.0,83870.0,85600.0,35980
2018-06-08,84560.0,85940.0,83870.0,84560.0,45080
2018-06-11,83870.0,85530.0,83600.0,83870.0,56660
2018-06-12,83870.0,83870.0,81460.0,82490.0,38540
2018-06-13,82490.0,82490.0,80770.0,81150.0,25070
2018-06-14,81180.0,82150.0,80450.0,80450.0,45510
2018-06-15,80420.0,81040.0,78800.0,80970.0,64480
2018-06-18,80770.0,81800.0,79730.0,80080.0,29860
2018-06-19,79560.0,80900.0,74520.0,77660.0,112000
2018-06-20,74550.0,78660.0,74550.0,78660.0,91770
2018-06-21,78660.0,78660.0,76620.0,78000.0,53980
2018-06-22,78000.0,78350.0,76800.0,78000.0,32580
2018-06-25,78000.0,78310.0,77110.0,77760.0,30380
2018-06-26,77660.0,77660.0,76450.0,76870.0,32870
2018-06-27,76660.0,77590.0,76450.0,76870.0,54630
2018-06-28,76350.0,76620.0,74930.0,75730.0,45520
2018-06-29,75730.0,77830.0,74590.0,77830.0,69820
2018-07-02,77660.0,79380.0,76180.0,79380.0,57880
2018-07-03,79380.0,79380.0,77760.0,78730.0,52210
2018-07-04,77310.0,78690.0,77310.0,78000.0,47480
2018-07-05,78310.0,78310.0,75930.0,75930.0,25820
2018-07-06,75930.0,76590.0,74550.0,75930.0,34770
2018-07-09,76930.0,76970.0,75690.0,76180.0,16370
2018-07-10,76930.0,76930.0,75140.0,75930.0,81620
2018-07-11,76180.0,76180.0,74930.0,75930.0,78980
2018-07-12,75240.0,76280.0,75240.0,75280.0,25860
2018-07-13,75240.0,75620.0,73860.0,75240.0,114030
2018-07-16,75240.0,75240.0,73860.0,75210.0,74340
2018-07-17,74550.0,75240.0,73900.0,75240.0,63080
2018-07-18,75240.0,75240.0,74210.0,75210.0,57210
2018-07-19,74590.0,75240.0,74210.0,74210.0,68430
2018-07-20,74210.0,74730.0,69030.0,69030.0,167500
2018-07-23,70760.0,72650.0,70240.0,72650.0,121840
2018-07-24,72830.0,72830.0,71030.0,72480.0,106300
2018-07-25,71000.0,72140.0,70790.0,71450.0,89120
2018-07-26,69930.0,71450.0,69790.0,71450.0,113290
2018-07-27,70100.0,71450.0,70100.0,71450.0,71130
2018-07-30,71450.0,71450.0,70760.0,71380.0,41840
2018-07-31,70450.0,71450.0,70410.0,70930.0,112500
2018-08-01,70760.0,71100.0,70310.0,70760.0,33350
2018-08-02,70450.0,71070.0,70070.0,70410.0,41290
2018-08-03,70240.0,70760.0,68860.0,69000.0,83590
2018-08-06,69000.0,69030.0,68060.0,68690.0,58550
2018-08-07,68170.0,68690.0,66890.0,68690.0,77380
2018-08-08,67990.0,69030.0,67300.0,69030.0,72620
2018-08-09,69030.0,71790.0,68690.0,71790.0,134190
2018-08-10,71790.0,72310.0,70410.0,72140.0,79050
2018-08-13,72140.0,72480.0,71140.0,72480.0,84580
2018-08-14,72480.0,72480.0,71620.0,72480.0,33560
2018-08-15,72480.0,73140.0,71790.0,72830.0,44610
2018-08-16,72830.0,73170.0,71550.0,73170.0,56860
2018-08-17,73170.0,73520.0,72480.0,73520.0,45730
2018-08-20,72520.0,73520.0,72480.0,73520.0,34660
2018-08-21,73520.0,73520.0,72000.0,73520.0,71180
2018-08-22,73520.0,73520.0,72520.0,73520.0,42550
2018-08-23,73170.0,73520.0,72590.0,73340.0,79280
2018-08-24,72830.0,73520.0,72480.0,73520.0,95550
2018-08-27,73860.0,76900.0,73590.0,75590.0,67490
2018-08-28,75590.0,76970.0,75480.0,76620.0,38360
2018-08-29,76620.0,78000.0,75930.0,78000.0,25460
2018-08-30,76690.0,78000.0,76690.0,78000.0,37240
2018-08-31,78000.0,78000.0,77070.0,78000.0,47370
2018-09-04,78000.0,78000.0,77180.0,77250.0,60720
2018-09-05,77250.0,77250.0,76310.0,76930.0,38610
2018-09-06,76620.0,76930.0,75590.0,76900.0,41630
2018-09-07,75930.0,76930.0,75660.0,76900.0,32790
2018-09-10,76870.0,76970.0,75970.0,76970.0,31480
2018-09-11,76970.0,76970.0,76000.0,76970.0,19770
2018-09-12,76660.0,76930.0,76040.0,76900.0,11530
2018-09-13,76280.0,76870.0,76280.0,76620.0,7230
2018-09-14,76620.0,77660.0,76620.0,76900.0,42150
2018-09-17,77660.0,77660.0,76450.0,76660.0,5410
2018-09-18,77310.0,77310.0,76620.0,76970.0,24680
2018-09-19,76970.0,76970.0,75930.0,75930.0,19770
2018-09-20,75930.0,76620.0,75420.0,75900.0,9720
2018-09-21,75420.0,76590.0,75000.0,75590.0,30810
2018-09-24,75590.0,75590.0,75070.0,75550.0,26420
2018-09-25,75550.0,75590.0,75170.0,75590.0,18180
2018-09-26,75590.0,75590.0,74900.0,75550.0,22560
2018-09-27,75550.0,76620.0,75310.0,75930.0,34790
2018-09-28,76280.0,76800.0,75930.0,76800.0,66090
2018-10-01,76730.0,76730.0,75930.0,76690.0,20780
2018-10-02,76690.0,77660.0,75860.0,77660.0,103220
2018-10-03,77660.0,78350.0,77660.0,77900.0,17230
2018-10-04,78000.0,78250.0,77660.0,78000.0,4940
2018-10-05,76970.0,77970.0,76620.0,77040.0,22290
2018-10-08,76520.0,77040.0,75900.0,77040.0,24950
2018-10-09,76520.0,77040.0,75970.0,77040.0,27710
2018-10-10,76520.0,78000.0,76520.0,78000.0,18450
2018-10-11,78000.0,78000.0,75380.0,76620.0,21230
2018-10-12,76620.0,76970.0,75590.0,76800.0,40990
2018-10-15,76110.0,77620.0,75930.0,76970.0,45960
2018-10-16,76650.0,77910.0,76620.0,77140.0,22050
2018-10-17,77140.0,77590.0,76830.0,77490.0,36550
2018-10-18,77800.0,77800.0,76860.0,77140.0,10210
2018-10-19,76450.0,77380.0,75750.0,76450.0,24610
2018-10-22,76450.0,77310.0,75750.0,77140.0,31600
2018-10-23,77140.0,77840.0,76450.0,77450.0,34600
2018-10-24,77280.0,77870.0,76620.0,77140.0,54220
2018-10-25,75440.0,77140.0,75400.0,77140.0,26680
2018-10-26,77630.0,77630.0,76170.0,76860.0,32970
2018-10-29,77140.0,77310.0,76860.0,77140.0,67050
2018-10-30,77140.0,77450.0,73670.0,77210.0,90870
2018-10-31,77210.0,77310.0,75090.0,77310.0,55160
2018-11-01,77310.0,77310.0,75820.0,77140.0,11320
2018-11-02,76450.0,77310.0,75920.0,77140.0,81350
2018-11-05,76100.0,77490.0,75790.0,77490.0,42370
2018-11-06,77490.0,77660.0,76170.0,77590.0,26860
2018-11-07,77590.0,78180.0,76480.0,78180.0,40070
2018-11-08,78180.0,78810.0,77660.0,78500.0,26180
2018-11-09,78530.0,78530.0,77520.0,78500.0,32970
2018-11-12,78500.0,82010.0,77840.0,80960.0,50480
2018-11-13,80720.0,84090.0,80620.0,82560.0,49110
2018-11-14,82700.0,85650.0,82560.0,84440.0,77240
2018-11-15,84260.0,86490.0,83400.0,85130.0,46990
2018-11-16,85130.0,85790.0,84090.0,85130.0,42550
2018-11-19,85130.0,86350.0,84090.0,85310.0,23290
2018-11-20,84370.0,84790.0,83430.0,84610.0,28270
2018-11-21,84090.0,84090.0,82700.0,84090.0,61600
2018-11-22,84090.0,84440.0,83050.0,84090.0,12800
2018-11-23,83740.0,84440.0,82870.0,83920.0,14130
2018-11-26,84090.0,84090.0,83390.0,83430.0,21380
2018-11-27,82730.0,85140.0,82730.0,84790.0,31970
2018-11-28,84790.0,87600.0,84200.0,87600.0,63680
2018-11-29,88300.0,89700.0,87420.0,87600.0,114710
2018-11-30,87420.0,87950.0,86370.0,87600.0,55080
2018-12-03,89350.0,89350.0,86900.0,87950.0,19310
2018-12-04,87250.0,88300.0,86900.0,86900.0,32320
2018-12-05,87530.0,87530.0,86020.0,86020.0,24420
2018-12-06,85920.0,86790.0,84790.0,86550.0,15460
2018-12-07,86200.0,87910.0,85530.0,86650.0,30960
2018-12-10,85140.0,87210.0,85140.0,86900.0,44570
2018-12-11,86340.0,88650.0,86340.0,88650.0,28960
2018-12-12,87460.0,89350.0,87460.0,88650.0,49700
2018-12-13,88750.0,89000.0,87670.0,87670.0,30870
2018-12-14,87700.0,88580.0,87280.0,87740.0,31370
2018-12-17,86900.0,87740.0,86860.0,87740.0,59460
2018-12-18,87740.0,87740.0,86200.0,87740.0,45170
2018-12-19,87600.0,87740.0,86060.0,87600.0,102270
2018-12-20,87600.0,87600.0,86370.0,86550.0,89640
2018-12-21,85850.0,86550.0,85250.0,86550.0,67740
2018-12-24,84090.0,87210.0,84090.0,86510.0,43500
2018-12-25,84860.0,86510.0,84860.0,86510.0,40810
2018-12-26,85110.0,87250.0,85110.0,87250.0,23360
2018-12-27,87560.0,87910.0,86550.0,87880.0,35850
2018-12-28,87880.0,93730.0,86370.0,93730.0,46420
2019-01-02,93730.0,93730.0,87180.0,87180.0,46990
2019-01-03,87180.0,89350.0,81710.0,86020.0,98800
2019-01-04,86200.0,86200.0,82380.0,85210.0,8540
2019-01-07,85210.0,86900.0,84440.0,85490.0,12270
2019-01-08,85210.0,85490.0,83780.0,85490.0,11600
2019-01-09,85490.0,86900.0,83740.0,85490.0,25150
2019-01-10,84300.0,85420.0,83850.0,84090.0,28560
2019-01-11,84090.0,84270.0,82730.0,84090.0,38820
2019-01-14,84970.0,84970.0,83360.0,84090.0,45290
2019-01-15,83390.0,84060.0,83390.0,83950.0,23500
2019-01-16,83500.0,84440.0,83390.0,83740.0,30300
2019-01-17,83390.0,84370.0,82170.0,82170.0,41400
2019-01-18,82170.0,83180.0,82130.0,82170.0,14340
2019-01-21,83110.0,83110.0,82170.0,82170.0,4770
2019-01-22,82340.0,82340.0,81470.0,81920.0,14570
2019-01-23,81920.0,82170.0,81330.0,81920.0,16500
2019-01-24,82270.0,82340.0,81290.0,81640.0,35920
2019-01-25,81290.0,81960.0,80970.0,81640.0,26850
2019-01-28,81640.0,82270.0,80940.0,81640.0,24370
2019-01-29,82170.0,82170.0,80970.0,81640.0,18620
2019-01-30,81640.0,82270.0,81180.0,81640.0,36010
2019-01-31,81640.0,81820.0,81330.0,81640.0,21200
2019-02-01,81640.0,82270.0,80940.0,81640.0,80480
2019-02-11,81990.0,82060.0,81080.0,81750.0,42810
2019-02-12,83740.0,83740.0,81820.0,83320.0,11200
2019-02-13,83320.0,83360.0,82410.0,82730.0,118000
2019-02-14,83390.0,83390.0,82690.0,83390.0,123270
2019-02-15,83920.0,84020.0,83080.0,83530.0,48220
2019-02-18,83710.0,84090.0,83710.0,84090.0,19000
2019-02-19,83740.0,84860.0,83390.0,84440.0,25550
2019-02-20,83740.0,85490.0,83740.0,85490.0,39420
2019-02-21,85490.0,86900.0,85490.0,86900.0,24550
2019-02-22,86900.0,87140.0,86550.0,86550.0,14040
2019-02-25,86550.0,86830.0,86200.0,86830.0,31140
2019-02-26,86200.0,86900.0,86200.0,86550.0,26360
2019-02-27,86900.0,86900.0,86200.0,86720.0,7770
2019-02-28,85950.0,86720.0,84090.0,84090.0,31930
2019-03-01,82800.0,86200.0,82800.0,84790.0,31250
2019-03-04,84090.0,86020.0,83740.0,84790.0,44090
2019-03-05,85670.0,85780.0,84130.0,85320.0,10220
2019-03-06,84230.0,85850.0,84090.0,85460.0,22910
2019-03-07,84790.0,85110.0,84270.0,84480.0,25340
2019-03-08,85110.0,85850.0,84440.0,85850.0,29050
2019-03-11,85850.0,86300.0,84650.0,85850.0,20340
2019-03-12,85850.0,88510.0,85740.0,88300.0,42620
2019-03-13,87350.0,90400.0,82310.0,89350.0,54140
2019-03-14,88650.0,90220.0,88300.0,89350.0,24230
2019-03-15,89350.0,89350.0,86830.0,88930.0,40550
2019-03-18,87630.0,88930.0,85880.0,85880.0,75530
2019-03-19,85880.0,87420.0,85880.0,86900.0,37320
2019-03-20,85850.0,87600.0,85850.0,87420.0,17820
2019-03-21,87910.0,87950.0,86060.0,87390.0,17670
2019-03-22,85850.0,87950.0,85850.0,87950.0,30810
2019-03-25,87600.0,87600.0,85850.0,87180.0,5640
2019-03-26,87180.0,87910.0,86620.0,87880.0,41590
2019-03-27,87880.0,87950.0,86650.0,87880.0,12020
2019-03-28,87880.0,87880.0,86760.0,87600.0,8320
2019-03-29,88260.0,88260.0,86550.0,87490.0,122590
2019-04-01,87740.0,87740.0,86720.0,87490.0,23050
2019-04-02,87980.0,87980.0,86200.0,86200.0,21890
2019-04-03,87110.0,87110.0,85990.0,86510.0,1200
2019-04-04,86510.0,87880.0,86230.0,87530.0,38740
2019-04-05,86580.0,87840.0,86580.0,86900.0,13040
2019-04-08,87560.0,87560.0,86900.0,87390.0,2390
2019-04-09,86410.0,87390.0,85880.0,85880.0,22770
2019-04-10,87250.0,87250.0,84130.0,86550.0,39630
2019-04-11,86550.0,87530.0,84510.0,86720.0,32940
2019-04-12,86720.0,87070.0,85560.0,85560.0,5890
2019-04-16,85560.0,86550.0,84510.0,86270.0,13250
2019-04-17,85530.0,86720.0,85530.0,86480.0,12340
2019-04-18,86440.0,86550.0,80940.0,80940.0,41150
2019-04-19,85140.0,85140.0,83080.0,84270.0,8170
2019-04-22,84270.0,85140.0,82870.0,85140.0,18000
2019-04-23,84090.0,84790.0,83570.0,84270.0,23410
2019-04-24,84440.0,84790.0,83810.0,84090.0,49760
2019-04-25,84130.0,84130.0,82870.0,83740.0,43550
2019-04-26,83040.0,84790.0,82380.0,83810.0,27270
2019-05-02,83810.0,85490.0,83810.0,85390.0,48200
2019-05-03,85390.0,85420.0,83990.0,85390.0,80940
2019-05-06,85320.0,85320.0,83500.0,84270.0,20240
2019-05-07,83810.0,85140.0,83810.0,84650.0,7320
2019-05-08,84090.0,85140.0,84090.0,84860.0,28490
2019-05-09,83920.0,86510.0,83920.0,86200.0,20630
2019-05-10,86550.0,87390.0,85140.0,86900.0,23230
2019-05-13,87420.0,88300.0,86900.0,86900.0,15300
2019-05-14,86900.0,90750.0,85880.0,88650.0,15220
2019-05-15,88300.0,90260.0,88300.0,88650.0,108360
2019-05-16,89000.0,89170.0,85850.0,85850.0,20320
2019-05-17,89310.0,90400.0,86720.0,90050.0,31530
2019-05-20,90050.0,92850.0,88300.0,92150.0,30630
2019-05-21,91630.0,92500.0,91210.0,92400.0,17760
2019-05-22,92360.0,92400.0,91350.0,92400.0,24670
2019-05-23,92400.0,92400.0,91100.0,91490.0,14780
2019-05-24,91140.0,92470.0,91140.0,91520.0,37100
2019-05-27,92430.0,92850.0,91100.0,92850.0,20920
2019-05-28,92850.0,92850.0,91100.0,91100.0,28730
2019-05-29,91100.0,92150.0,90720.0,91210.0,13900
2019-05-30,91800.0,93550.0,89700.0,92330.0,21680
2019-05-31,92290.0,93550.0,91140.0,93550.0,8830
2019-06-03,92330.0,96010.0,90050.0,94600.0,98360
2019-06-04,92890.0,95660.0,92890.0,95660.0,30160
2019-06-05,94640.0,98110.0,94080.0,96010.0,28210
2019-06-06,96010.0,96360.0,93900.0,96010.0,35900
2019-06-07,96040.0,96880.0,94390.0,96850.0,40580
2019-06-10,96850.0,98770.0,96710.0,98740.0,105770
2019-06-11,98110.0,98110.0,96710.0,96710.0,45180
2019-06-12,96710.0,96710.0,93550.0,96010.0,77400
2019-06-13,96010.0,96180.0,94960.0,96010.0,12580
2019-06-14,93520.0,96010.0,93520.0,95660.0,13550
2019-06-17,95660.0,95660.0,93550.0,95660.0,37450
2019-06-18,95660.0,95660.0,93380.0,95660.0,4510
2019-06-19,95660.0,96530.0,95030.0,96530.0,19130
2019-06-20,94250.0,99340.0,94250.0,96360.0,76630
2019-06-21,97410.0,98420.0,96360.0,97410.0,9220
2019-06-24,97410.0,98460.0,97410.0,98460.0,16480
2019-06-25,98460.0,98740.0,97410.0,98740.0,39550
2019-06-26,96710.0,99860.0,96710.0,98810.0,15730
2019-06-27,98180.0,98810.0,95310.0,95310.0,39120
2019-06-28,95660.0,98110.0,94640.0,96360.0,22590
2019-07-01,97720.0,97760.0,96740.0,97370.0,17170
2019-07-02,97410.0,98040.0,96390.0,96430.0,9480
2019-07-03,96430.0,97060.0,96360.0,96710.0,27280
2019-07-04,96710.0,97760.0,96360.0,97760.0,31530
2019-07-05,97760.0,98110.0,96710.0,98110.0,21150
2019-07-08,98110.0,98740.0,97090.0,98460.0,70050
2019-07-09,97410.0,98460.0,97060.0,98460.0,65350
2019-07-10,98460.0,100530.0,98110.0,99860.0,28070
2019-07-11,99860.0,100560.0,98840.0,100210.0,37210
2019-07-12,100210.0,101960.0,100210.0,101260.0,20990
2019-07-15,101330.0,101580.0,98810.0,98810.0,37440
2019-07-16,99860.0,99860.0,98810.0,99860.0,7260
2019-07-17,99860.0,100560.0,98980.0,100210.0,43080
2019-07-18,99510.0,100210.0,98460.0,99510.0,45670
2019-07-19,99860.0,99860.0,97090.0,97090.0,20120
2019-07-22,97090.0,98460.0,96880.0,97130.0,28670
2019-07-23,97130.0,98110.0,97130.0,97160.0,6900
2019-07-24,97160.0,98460.0,96710.0,97230.0,55700
2019-07-25,97230.0,99160.0,97230.0,99160.0,20380
2019-07-26,99690.0,99690.0,97130.0,97720.0,15060
2019-07-29,97720.0,98810.0,97410.0,97410.0,30020
2019-07-30,98770.0,98770.0,97580.0,98460.0,27200
2019-07-31,98110.0,98810.0,97760.0,97760.0,46980
2019-08-01,98600.0,98630.0,96990.0,98630.0,16600
2019-08-02,97480.0,98460.0,97410.0,98110.0,33700
2019-08-05,97160.0,98770.0,97160.0,98180.0,13480
2019-08-06,96950.0,98700.0,96950.0,97830.0,15520
2019-08-07,96990.0,98110.0,96010.0,98110.0,69110
2019-08-08,98110.0,98110.0,96040.0,98110.0,61830
2019-08-09,96950.0,98810.0,96430.0,96600.0,7790
2019-08-12,97930.0,97930.0,96150.0,96150.0,6910
2019-08-13,98110.0,98460.0,96220.0,97060.0,35660
2019-08-14,97130.0,97690.0,96710.0,97060.0,29000
2019-08-15,97060.0,99860.0,96530.0,99860.0,15480
2019-08-16,98460.0,98460.0,96710.0,96710.0,78780
2019-08-19,97830.0,97830.0,96530.0,96880.0,5550
2019-08-20,97410.0,97580.0,96390.0,96880.0,21680
2019-08-21,97410.0,97410.0,96180.0,97370.0,8310
2019-08-22,97410.0,97900.0,96710.0,96710.0,18250
2019-08-23,96880.0,97580.0,96570.0,96570.0,35980
2019-08-26,96710.0,96710.0,95690.0,95800.0,50520
2019-08-27,95800.0,96010.0,94640.0,94640.0,58130
2019-08-28,94570.0,96600.0,94570.0,95310.0,3430
2019-08-29,95480.0,96180.0,95480.0,95660.0,36440
2019-08-30,96640.0,96640.0,95310.0,95660.0,27590
2019-09-03,95660.0,95660.0,94990.0,95450.0,4730
2019-09-04,95450.0,96180.0,92330.0,92330.0,65880
2019-09-05,92860.0,94440.0,92860.0,93740.0,20760
2019-09-06,93240.0,94090.0,93240.0,93740.0,8150
2019-09-09,94410.0,94410.0,93630.0,93740.0,16570
2019-09-10,94090.0,94090.0,92330.0,92680.0,7410
2019-09-11,92680.0,93700.0,92330.0,92500.0,12590
2019-09-12,98980.0,98980.0,98310.0,98380.0,8240
2019-09-13,98380.0,99440.0,98120.0,99440.0,22160
2019-09-16,98120.0,100490.0,98120.0,99440.0,3990
2019-09-17,100190.0,100190.0,98380.0,100150.0,2620
2019-09-18,100150.0,100490.0,99660.0,99930.0,8270
2019-09-19,99810.0,99930.0,98680.0,99850.0,23710
2019-09-20,99930.0,100910.0,99810.0,100570.0,24960
2019-09-23,101210.0,101210.0,98720.0,100040.0,5610
2019-09-24,99810.0,101320.0,99060.0,99060.0,21610
2019-09-25,100640.0,102830.0,99060.0,99060.0,28430
2019-09-26,99060.0,102710.0,99060.0,99250.0,12700
2019-09-27,100940.0,100940.0,99250.0,100380.0,9830
2019-09-30,100570.0,100570.0,99250.0,99290.0,8130
2019-10-01,99290.0,99810.0,98680.0,98680.0,19770
2019-10-02,99810.0,99810.0,98680.0,99780.0,7540
2019-10-03,99780.0,100000.0,98680.0,98680.0,7300
2019-10-04,98720.0,99590.0,91790.0,97180.0,17620
2019-10-07,97180.0,98680.0,96460.0,97930.0,11360
2019-10-08,98610.0,98680.0,97360.0,97360.0,4820
2019-10-09,96840.0,97700.0,96050.0,96160.0,5760
2019-10-10,96160.0,97060.0,96160.0,96160.0,16570
2019-10-11,96050.0,97180.0,96050.0,97060.0,13760
2019-10-14,95710.0,97550.0,95710.0,97360.0,27180
2019-10-15,97180.0,97290.0,96350.0,96720.0,9930
2019-10-16,96390.0,97550.0,96390.0,96420.0,11950
2019-10-17,97180.0,97550.0,95290.0,95290.0,28490
2019-10-18,96230.0,96800.0,94950.0,94950.0,9610
2019-10-21,95290.0,96050.0,92280.0,92280.0,13700
2019-10-22,90770.0,94880.0,90770.0,94880.0,22480
2019-10-23,94730.0,95630.0,94350.0,94920.0,30060
2019-10-24,95260.0,95560.0,94580.0,95290.0,10090
2019-10-25,95670.0,96950.0,95670.0,96420.0,45010
2019-10-28,97930.0,97930.0,96610.0,96990.0,21110
2019-10-29,97030.0,98870.0,96990.0,97930.0,55090
2019-10-30,98680.0,98680.0,97210.0,98310.0,23080
2019-10-31,98310.0,98800.0,98120.0,98120.0,26250
2019-11-01,97930.0,98650.0,97930.0,97930.0,20980
2019-11-04,98650.0,98650.0,97930.0,97930.0,14250
2019-11-05,98310.0,98380.0,97850.0,97930.0,13210
2019-11-06,98610.0,98650.0,97590.0,97930.0,18750
2019-11-07,97930.0,98760.0,97550.0,97930.0,34130
2019-11-08,98680.0,98680.0,97930.0,97930.0,41090
2019-11-11,97930.0,98680.0,95750.0,96080.0,21390
2019-11-12,96420.0,97180.0,96050.0,96050.0,16160
2019-11-13,96800.0,96800.0,94350.0,94920.0,46510
2019-11-14,94920.0,96010.0,94350.0,94920.0,29190
2019-11-15,94920.0,95670.0,88290.0,94920.0,36340
2019-11-18,95330.0,96050.0,95290.0,95290.0,11910
2019-11-19,94580.0,96050.0,94540.0,94540.0,9030
2019-11-20,94540.0,94540.0,92690.0,92770.0,15580
2019-11-21,93030.0,94350.0,90770.0,90770.0,85540
2019-11-22,92280.0,92660.0,88140.0,88510.0,54770
2019-11-25,90360.0,90360.0,87460.0,87760.0,29020
2019-11-26,90400.0,90400.0,86630.0,86630.0,92480
2019-11-27,86630.0,88140.0,86630.0,86820.0,53280
2019-11-28,86820.0,87950.0,86630.0,86630.0,98060
2019-11-29,86630.0,87760.0,85120.0,85120.0,70110
2019-12-02,85120.0,86630.0,85120.0,86250.0,22650
2019-12-03,86630.0,86820.0,85880.0,86290.0,21660
2019-12-04,85910.0,87350.0,85910.0,86890.0,32870
2019-12-05,87200.0,87500.0,87010.0,87310.0,18480
2019-12-06,87310.0,88890.0,87200.0,87760.0,33170
2019-12-09,88480.0,89460.0,88170.0,88810.0,38170
2019-12-10,88810.0,88850.0,87800.0,87800.0,26330
2019-12-11,88510.0,88810.0,87760.0,87800.0,7160
2019-12-12,88740.0,89040.0,87840.0,87840.0,15830
2019-12-13,88850.0,88850.0,87840.0,87840.0,10640
2019-12-16,87840.0,88510.0,87760.0,87760.0,6630
2019-12-17,87870.0,88590.0,87760.0,87760.0,24430
2019-12-18,87910.0,88210.0,87570.0,87760.0,35670
2019-12-19,87990.0,88510.0,87760.0,87760.0,13440
2019-12-20,88100.0,88400.0,87800.0,88170.0,51830
2019-12-23,88510.0,88740.0,88290.0,88360.0,21230
2019-12-24,88400.0,88550.0,87760.0,87760.0,25400
2019-12-25,87760.0,88400.0,87570.0,87570.0,54260
2019-12-26,87380.0,87950.0,87010.0,87910.0,24610
2019-12-27,87910.0,87910.0,86820.0,86820.0,36340
2019-12-30,87570.0,87570.0,84940.0,86630.0,40760
2019-12-31,86630.0,86630.0,84370.0,85880.0,42900
2020-01-02,85880.0,85880.0,84370.0,84370.0,28600
2020-01-03,84370.0,85500.0,84370.0,84600.0,17590
2020-01-06,83990.0,84560.0,83810.0,84300.0,35850
2020-01-07,83840.0,84710.0,83840.0,84370.0,15580
2020-01-08,84560.0,84560.0,83840.0,84070.0,30610
2020-01-09,83620.0,85840.0,83240.0,85500.0,54030
2020-01-10,85500.0,88330.0,85500.0,87950.0,55770
2020-01-13,87950.0,88630.0,87950.0,88100.0,22590
2020-01-14,87380.0,88100.0,87380.0,87760.0,9340
2020-01-15,87760.0,88330.0,87760.0,88140.0,22540
2020-01-16,87760.0,88480.0,87760.0,87870.0,9270
2020-01-17,87870.0,88330.0,87760.0,88330.0,12580
2020-01-20,87760.0,88890.0,87760.0,88890.0,17170
2020-01-21,88890.0,88890.0,87760.0,87760.0,52160
2020-01-22,87760.0,88890.0,87040.0,87570.0,11510
2020-01-30,87160.0,87160.0,82110.0,82110.0,38140
2020-01-31,79850.0,84970.0,76840.0,79850.0,24730
2020-02-03,74280.0,79850.0,74280.0,78680.0,16880
2020-02-04,78680.0,78680.0,75330.0,76460.0,167140
2020-02-05,76460.0,76460.0,73070.0,73070.0,43870
2020-02-06,73070.0,74950.0,71300.0,71560.0,165080
2020-02-07,72320.0,74950.0,71940.0,73450.0,47950
2020-02-10,74950.0,74950.0,73450.0,73450.0,69570
2020-02-11,73450.0,73450.0,73070.0,73070.0,26300
2020-02-12,73790.0,73790.0,71940.0,71940.0,57410
2020-02-13,73590.0,73590.0,72130.0,73280.0,76770
2020-02-14,74010.0,74050.0,72550.0,72820.0,38650
2020-02-17,72820.0,72900.0,71360.0,71360.0,31460
2020-02-18,70020.0,70210.0,68290.0,68290.0,86320
2020-02-19,67910.0,69060.0,67140.0,68290.0,105560
2020-02-20,69060.0,69250.0,68640.0,69060.0,280190
2020-02-21,69060.0,69680.0,69060.0,69290.0,45380
2020-02-24,69140.0,69140.0,67950.0,68290.0,43780
2020-02-25,69060.0,69060.0,67680.0,68290.0,16230
2020-02-26,68830.0,68830.0,67600.0,67910.0,79880
2020-02-27,67910.0,67990.0,66450.0,66450.0,46300
2020-02-28,66110.0,66110.0,62160.0,62160.0,76910
2020-03-02,62160.0,66380.0,62160.0,65220.0,179490
2020-03-03,66180.0,66180.0,64840.0,65220.0,129270
2020-03-04,65220.0,65379.99999999999,64459.99999999999,64840.0,30310
2020-03-05,64840.0,65220.0,64840.0,64840.0,65380
2020-03-06,64840.0,64840.0,62160.0,62390.0,38170
2020-03-09,58700.0,61000.0,58050.0,59580.0,107570
2020-03-10,59580.0,61350.0,57930.0,59580.0,39620
2020-03-11,59850.0,61390.0,58320.0,58320.0,73120
2020-03-12,57280.0,61350.0,54520.0,55480.0,38400
2020-03-13,52950.0,58700.0,52950.0,55250.0,54560
2020-03-16,54480.0,57550.0,53330.0,57550.0,46800
2020-03-17,54100.0,57550.0,54100.0,54140.0,25320
2020-03-18,54140.0,55980.0,52180.0,52180.0,49230
2020-03-19,50070.0,52950.0,48730.0,48730.0,40740
2020-03-20,48730.0,50260.0,46080.0,48340.0,51940
2020-03-23,46420.0,48150.0,44970.0,44970.0,38230
2020-03-24,42970.0,45960.0,42780.0,44310.0,24520
2020-03-25,44510.0,47190.0,44470.0,46040.0,137910
2020-03-26,46620.0,48570.0,46040.0,47960.0,188080
2020-03-27,47960.0,50760.0,47960.0,49720.0,145570
2020-03-30,49720.0,49880.0,46270.0,46460.0,24210
2020-03-31,46460.0,49460.0,46460.0,47190.0,19220
2020-04-01,46890.0,49070.0,46270.0,47230.0,33750
2020-04-03,49690.0,49840.0,47960.0,47960.0,67800
2020-04-06,49490.0,51220.0,48730.0,50650.0,85700
2020-04-07,52950.0,53330.0,50650.0,52560.0,67530
2020-04-08,52950.0,54670.0,52180.0,52950.0,86700
2020-04-09,53710.0,56630.0,53710.0,53710.0,236310
2020-04-10,55330.0,56360.0,53710.0,54100.0,33310
2020-04-13,54870.0,55820.0,54100.0,54100.0,40030
2020-04-14,55940.0,55940.0,54210.0,55020.0,54340
2020-04-15,55060.0,58860.0,55060.0,58700.0,210030
2020-04-16,58700.0,62620.0,58700.0,60470.0,158280
2020-04-17,64269.99999999999,64459.99999999999,63310.0,63460.0,128300
2020-04-20,65990.0,67870.0,64500.0,67870.0,108760
2020-04-21,67870.0,72590.0,65220.0,65220.0,204650
2020-04-22,63310.0,67140.0,61310.0,67140.0,103890
2020-04-23,71710.0,71710.0,68560.0,69290.0,119240
2020-04-24,70480.0,70980.0,67220.0,69060.0,77880
2020-04-27,69060.0,69060.0,67140.0,69060.0,81050
2020-04-28,67530.0,69020.0,65220.0,65220.0,73210
2020-04-29,65220.0,67140.0,62540.0,62540.0,146240
2020-05-04,62540.0,62730.0,59470.0,59470.0,198030
2020-05-05,59470.0,59470.0,57900.0,58200.0,117620
2020-05-06,62080.0,62080.0,58320.0,60620.0,86530
2020-05-07,62120.0,64840.0,61390.0,64840.0,63680
2020-05-08,65220.0,69060.0,65220.0,65990.0,245530
2020-05-11,65990.0,67530.0,64840.0,66410.0,111670
2020-05-12,66490.0,67180.0,66380.0,66570.0,59110
2020-05-13,64459.99999999999,66760.0,63690.0,65990.0,115740
2020-05-14,65990.0,66380.0,65610.0,66070.0,45790
2020-05-15,66070.0,67140.0,66070.0,66070.0,58620
2020-05-18,66760.0,66760.0,66110.0,66380.0,111480
2020-05-19,67140.0,67910.0,65990.0,65990.0,181100
2020-05-20,67140.0,67140.0,66180.0,66180.0,60740
2020-05-21,68290.0,68290.0,66380.0,67530.0,128710
2020-05-22,67530.0,67530.0,66380.0,66760.0,45220
2020-05-25,66760.0,67570.0,66380.0,67140.0,59220
2020-05-26,67180.0,68680.0,66950.0,67260.0,97860
2020-05-27,67370.0,67530.0,67140.0,67220.0,72140
2020-05-28,67720.0,67990.0,66380.0,67220.0,73990
2020-05-29,67070.0,67910.0,66760.0,67680.0,61380
2020-06-01,67680.0,69830.0,67260.0,68180.0,86810
2020-06-02,68180.0,72510.0,68180.0,70210.0,144460
2020-06-03,70400.0,70980.0,69060.0,69060.0,54700
2020-06-04,69750.0,70210.0,68680.0,68680.0,51660
2020-06-05,68680.0,69790.0,68680.0,68680.0,26270
2020-06-08,68680.0,70400.0,68680.0,69830.0,98910
2020-06-09,70100.0,70100.0,68290.0,68560.0,54360
2020-06-10,68560.0,69060.0,68100.0,68290.0,44990
2020-06-11,68290.0,69250.0,67910.0,67910.0,61230
2020-06-12,66760.0,68220.0,65650.0,65990.0,95400
2020-06-15,65990.0,67140.0,63500.0,63690.0,39640
2020-06-16,64650.00000000001,66340.0,63690.0,63730.0,62570
2020-06-17,66680.0,66680.0,63730.0,63730.0,37500
2020-06-18,63730.0,64989.99999999999,63690.0,63810.0,24530
2020-06-19,63810.0,64840.0,63810.0,63810.0,26650
2020-06-22,63690.0,64840.0,63690.0,63690.0,52660
2020-06-23,63310.0,64110.0,62920.0,62920.0,38700
2020-06-24,63310.0,63690.0,61390.0,61390.0,82380
2020-06-25,61390.0,62920.0,61000.0,61390.0,56510
2020-06-26,61390.0,63420.0,61390.0,63230.0,78810
2020-06-29,61770.0,62920.0,61580.0,61580.0,59040
2020-06-30,61580.0,62920.0,60240.0,60240.0,62530
2020-07-01,59850.0,63310.0,59850.0,62540.0,58620
2020-07-02,62540.0,64069.99999999999,62350.0,64040.00000000001,46960
2020-07-03,64459.99999999999,67490.0,63310.0,67140.0,200340
2020-07-06,68220.0,69830.0,68220.0,69250.0,146350
2020-07-07,70400.0,72360.0,70210.0,71020.0,244640
2020-07-08,70980.0,74320.0,69600.0,74050.0,357430
2020-07-09,74780.0,79230.0,74780.0,78650.0,285960
2020-07-10,78650.0,82870.0,78270.0,79040.0,190990
2020-07-13,79040.0,80490.0,76730.0,76730.0,150810
2020-07-14,75580.0,76540.0,73280.0,74820.0,180690
2020-07-15,75010.0,77500.0,73470.0,73470.0,258700
2020-07-16,73280.0,74050.0,72900.0,74050.0,358550
2020-07-17,75580.0,75580.0,73470.0,73670.0,89590
2020-07-20,74090.0,74430.0,73090.0,73280.0,129850
2020-07-21,73130.0,74590.0,72900.0,73010.0,73700
2020-07-22,73010.0,74010.0,72940.0,72940.0,106850
2020-07-23,72900.0,72900.0,71820.0,72050.0,137160
2020-07-24,71360.0,71750.0,68720.0,69480.0,235580
2020-07-27,66380.0,67530.0,64650.00000000001,66380.0,236260
2020-07-28,66380.0,70980.0,64459.99999999999,69060.0,237000
2020-07-29,67140.0,70170.0,65610.0,65610.0,219800
2020-07-30,65610.0,66950.0,64840.0,65260.00000000001,81480
2020-07-31,64840.0,65990.0,63690.0,64459.99999999999,201570
2020-08-03,65150.00000000001,65950.0,64459.99999999999,64840.0,163920
2020-08-04,64840.0,66340.0,64840.0,65690.0,242370
2020-08-05,66760.0,69450.0,65840.0,67530.0,298550
2020-08-06,68640.0,70400.0,67910.0,70020.0,213840
2020-08-07,69830.0,70790.0,69060.0,70600.0,160550
2020-08-10,70250.0,71360.0,69020.0,69020.0,151620
2020-08-11,69020.0,69410.0,67950.0,68490.0,147070
2020-08-12,68490.0,69250.0,68490.0,68640.0,138750
2020-08-13,70210.0,70600.0,69330.0,70210.0,72580
2020-08-14,70210.0,72480.0,69830.0,70980.0,242070
2020-08-17,70600.0,70790.0,69290.0,70520.0,91080
2020-08-18,70600.0,70600.0,69060.0,69290.0,67930
2020-08-19,69290.0,69940.0,69210.0,69290.0,76720
2020-08-20,69290.0,69830.0,68910.0,68910.0,117630
2020-08-21,69060.0,69790.0,68910.0,68910.0,110610
2020-08-24,69100.0,70600.0,69100.0,70210.0,96690
2020-08-25,70210.0,72170.0,70210.0,71560.0,134910
2020-08-26,71750.0,72130.0,70670.0,70670.0,88320
2020-08-27,70670.0,71360.0,70210.0,70210.0,76590
2020-08-28,71170.0,71360.0,69830.0,69830.0,97130
2020-08-31,70940.0,74010.0,70250.0,73470.0,271460
2020-09-01,74430.0,74430.0,72900.0,72900.0,131710
2020-09-03,73630.0,74700.0,73400.0,74360.0,148770
2020-09-04,73670.0,75010.0,73510.0,73740.0,140040
2020-09-07,74430.0,75200.0,73740.0,73740.0,188280
2020-09-08,73780.0,74050.0,72900.0,73360.0,106590
2020-09-09,73240.0,73320.0,72130.0,72900.0,123070
2020-09-10,73670.0,73670.0,72510.0,72510.0,79060
2020-09-11,72510.0,73240.0,72130.0,72130.0,62980
2020-09-14,72510.0,72710.0,71750.0,72210.0,49050
2020-09-15,72510.0,73280.0,72210.0,72210.0,36360
2020-09-16,73280.0,73280.0,72210.0,72210.0,43570
2020-09-17,72210.0,72860.0,72210.0,72210.0,101220
2020-09-18,72210.0,73090.0,72210.0,72440.0,45640
2020-09-21,72630.0,73590.0,72630.0,72900.0,99530
2020-09-22,73360.0,73820.0,72510.0,72510.0,149610
2020-09-23,73550.0,73550.0,72710.0,72900.0,35640
2020-09-24,72900.0,73050.0,71750.0,71750.0,70830
2020-09-25,71820.0,72320.0,71750.0,71750.0,143900
2020-09-28,71750.0,72130.0,71750.0,72130.0,80960
2020-09-29,72130.0,72210.0,70980.0,70980.0,132450
2020-09-30,70980.0,71170.0,69870.0,70330.0,149060
2020-10-01,70980.0,71020.0,70330.0,70790.0,22330
2020-10-02,70560.0,70940.0,70400.0,70790.0,45510
2020-10-05,71360.0,71360.0,70790.0,70790.0,74270
2020-10-06,71060.0,71670.0,70830.0,71480.0,55370
2020-10-07,71480.0,72900.0,71360.0,72900.0,64920
2020-10-08,72900.0,72900.0,72130.0,72130.0,46140
2020-10-09,72510.0,74050.0,71980.0,74050.0,120760
2020-10-12,74430.0,75120.0,72170.0,72170.0,237110
2020-10-13,73240.0,73240.0,70210.0,70600.0,234100
2020-10-14,70600.0,75160.0,70600.0,72900.0,119830
2020-10-15,73280.0,73860.0,72320.0,72900.0,168860
2020-10-16,73090.0,73440.0,72320.0,72320.0,129690
2020-10-19,72130.0,72320.0,71790.0,72020.0,125140
2020-10-20,72020.0,72020.0,70980.0,71210.0,153360
2020-10-21,72510.0,72510.0,71020.0,71250.0,86940
2020-10-22,71250.0,71750.0,70860.0,70980.0,34260
2020-10-23,71170.0,71560.0,70980.0,71290.0,179100
2020-10-26,71360.0,72320.0,70980.0,70980.0,88480
2020-10-27,71170.0,71670.0,70860.0,71020.0,40620
2020-10-28,70670.0,71360.0,70600.0,70790.0,106000
2020-10-29,70060.0,71290.0,70060.0,70790.0,98050
2020-10-30,71360.0,71360.0,70630.0,70710.0,64260
2020-11-02,70710.0,71330.0,67530.0,71170.0,83850
2020-11-03,71250.0,71360.0,70600.0,71170.0,79990
2020-11-04,71360.0,71440.0,70940.0,71170.0,59300
2020-11-05,70980.0,71480.0,70790.0,70790.0,45060
2020-11-06,70980.0,70980.0,70630.0,70630.0,71100
2020-11-09,71130.0,71170.0,70400.0,70480.0,98730
2020-11-10,71130.0,71170.0,69830.0,69830.0,113900
2020-11-11,70600.0,70600.0,69710.0,69750.0,93800
2020-11-12,69750.0,70560.0,69750.0,70370.0,36230
2020-11-13,70210.0,70980.0,70210.0,70980.0,42160
2020-11-16,71360.0,71750.0,69750.0,69750.0,203680
2020-11-17,70630.0,70630.0,69710.0,69910.0,185660
2020-11-18,69910.0,71170.0,69910.0,70440.0,167810
2020-11-19,70600.0,74320.0,70600.0,74320.0,224980
2020-11-20,72900.0,74050.0,72900.0,73670.0,152640
2020-11-23,73670.0,73820.0,72860.0,73090.0,114550
2020-11-24,73010.0,73670.0,72360.0,72590.0,110210
2020-11-25,72590.0,74510.0,72590.0,73740.0,194220
2020-11-26,74050.0,75200.0,74050.0,74820.0,252940
2020-11-27,74820.0,75390.0,74160.0,74240.0,62480
2020-11-30,74820.0,74820.0,73660.0,74240.0,189880
2020-12-01,74160.0,75010.0,73700.0,75010.0,107090
2020-12-02,75010.0,76450.0,74630.0,76290.0,179880
2020-12-03,76250.0,76250.0,75250.0,75600.0,96410
2020-12-04,75600.0,79080.0,75600.0,78310.0,159810
2020-12-07,78310.0,80830.0,78310.0,80250.0,76500
2020-12-08,80290.0,81020.0,79860.0,79860.0,122260
2020-12-09,78740.0,79470.0,77530.0,77730.0,102350
2020-12-10,78310.0,78810.0,76800.0,76800.0,61250
2020-12-11,76800.0,79360.0,76800.0,79360.0,48840
2020-12-14,79080.0,79360.0,78700.0,79080.0,53970
2020-12-15,79280.0,79280.0,76990.0,77150.0,116620
2020-12-16,77530.0,78660.0,77150.0,77180.0,29800
2020-12-17,77530.0,78310.0,71800.0,76760.0,206620
2020-12-18,76760.0,78310.0,76180.0,78230.0,105530
2020-12-21,78230.0,78270.0,77180.0,77530.0,47370
2020-12-22,77340.0,77420.0,76680.0,77340.0,81000
2020-12-23,77340.0,77530.0,76370.0,76370.0,94860
2020-12-24,76760.0,77340.0,75600.0,76760.0,71760
2020-12-25,76950.0,76950.0,75980.0,76760.0,44010
2020-12-28,76840.0,77180.0,76180.0,76410.0,111170
2020-12-29,76410.0,78310.0,76180.0,77490.0,80630
2020-12-30,77530.0,78230.0,77070.0,77530.0,97540
2020-12-31,77530.0,77800.0,75600.0,75600.0,146100
2021-01-04,76950.0,77920.0,75670.0,77300.0,159700
2021-01-05,77300.0,77380.0,76680.0,77150.0,123300
2021-01-06,76760.0,76990.0,75600.0,76950.0,164600
2021-01-07,76870.0,77150.0,76020.0,76680.0,129900
2021-01-08,76680.0,77490.0,76680.0,76840.0,152900
2021-01-11,77150.0,79470.0,76910.0,78430.0,170700
2021-01-12,79360.0,79860.0,78500.0,79670.0,192900
2021-01-13,80250.0,81800.0,79860.0,80290.0,226400
2021-01-14,81410.0,81410.0,79470.0,79470.0,155100
2021-01-15,79470.0,79630.0,77530.0,77730.0,229500
2021-01-18,77340.0,77690.0,76450.0,77690.0,136900
2021-01-19,77690.0,77690.0,72490.0,74820.0,134700
2021-01-20,74820.0,75480.0,73660.0,75480.0,226800
2021-01-21,75710.0,75710.0,74430.0,75210.0,165200
2021-01-22,75480.0,75480.0,74780.0,75210.0,131000
2021-01-25,75210.0,75830.0,74430.0,75210.0,144200
2021-01-26,75170.0,75170.0,72110.0,73660.0,227400
2021-01-27,72300.0,73620.0,70670.0,72420.0,227600
2021-01-28,69780.0,70250.0,67380.0,67380.0,284400
2021-01-29,65900.0,71250.0,62690.0,62690.0,508600
2021-02-01,67070.0,67070.0,67070.0,67070.0,109000
2021-02-02,69240.0,69780.0,68810.0,69390.0,459900
2021-02-03,69390.0,69780.0,69000.0,69390.0,240500
2021-02-04,69390.0,71720.0,69390.0,70590.0,296100
2021-02-05,70560.0,70630.0,70320.0,70520.0,112500
2021-02-08,71250.0,71250.0,66680.0,67450.0,141100
2021-02-09,67450.0,70130.0,67450.0,69860.0,129900
2021-02-17,69860.0,70560.0,69780.0,70320.0,162000
2021-02-18,70360.0,74630.0,70170.0,74630.0,195500
2021-02-19,74040.0,74630.0,73270.0,74320.0,150200
2021-02-22,72920.0,74200.0,72920.0,73660.0,101100
2021-02-23,73660.0,73660.0,71720.0,72110.0,224000
2021-02-24,72880.0,72880.0,71720.0,71830.0,58100
2021-02-25,72110.0,73270.0,71870.0,72690.0,92700
2021-02-26,72110.0,72880.0,71870.0,72880.0,62100
2021-03-01,72880.0,72920.0,71720.0,72800.0,111500
2021-03-02,73080.0,73080.0,70770.0,72450.0,105500
2021-03-03,72450.0,72450.0,71320.0,71440.0,103200
2021-03-04,71520.0,71590.0,67610.0,69560.0,219900
2021-03-05,69560.0,69560.0,68580.0,68980.0,178600
2021-03-08,69010.0,69170.0,68000.0,68390.0,203100
2021-03-09,68580.0,68580.0,67410.0,67610.0,167500
2021-03-10,67610.0,68000.0,67610.0,67720.0,182100
2021-03-11,68780.0,68980.0,68000.0,68780.0,193500
2021-03-12,69440.0,69560.0,68980.0,69560.0,65900
2021-03-15,69560.0,69640.0,68980.0,69170.0,114100
2021-03-16,69170.0,70660.0,69090.0,70580.0,91200
2021-03-17,69950.0,70580.0,69870.0,70030.0,93200
2021-03-18,70340.0,70660.0,70260.0,70580.0,66800
2021-03-19,70340.0,70340.0,69170.0,70340.0,75100
2021-03-22,70340.0,70340.0,69250.0,69950.0,40700
2021-03-23,68510.0,69640.0,68510.0,69560.0,41900
2021-03-24,68390.0,69560.0,68270.0,68580.0,50400
2021-03-25,69560.0,69560.0,68000.0,68390.0,146100
2021-03-26,67880.0,68390.0,67410.0,67610.0,108500
2021-03-29,67610.0,68000.0,67530.0,67720.0,102300
2021-03-30,67610.0,68580.0,67410.0,68390.0,100000
2021-03-31,68390.0,70340.0,66830.0,70340.0,168700
2021-04-01,70340.0,70340.0,69600.0,69950.0,177600
2021-04-02,69950.0,70340.0,69830.0,70340.0,85600
2021-04-05,70340.0,73860.0,69950.0,70150.0,285000
2021-04-06,70150.0,70340.0,68230.0,69560.0,172400
2021-04-07,69560.0,69560.0,68780.0,69170.0,127000
2021-04-08,69170.0,69170.0,67800.0,68000.0,147300
2021-04-09,68310.0,68510.0,68000.0,68000.0,183000
2021-04-12,69370.0,69370.0,68230.0,68390.0,168100
2021-04-13,68980.0,68980.0,67650.0,67760.0,173200
2021-04-14,67760.0,67960.0,67180.0,67490.0,183300
2021-04-15,67410.0,68310.0,67020.0,67100.0,159000
2021-04-16,66830.0,66830.0,65650.0,66080.0,165300
2021-04-19,66040.0,66430.0,64910.0,66430.0,153600
2021-04-20,66510.0,66860.0,66040.0,66430.0,186700
2021-04-22,66430.0,66630.0,65260.00000000001,65500.0,112600
2021-04-23,65580.0,66430.0,65180.00000000001,66430.0,175900
2021-04-26,67220.0,67220.0,64290.00000000001,66430.0,184400
2021-04-27,66430.0,66430.0,64640.0,66360.0,88700
2021-04-28,66360.0,66360.0,65150.00000000001,66360.0,141900
2021-04-29,66360.0,66360.0,64560.0,65300.0,170100
2021-05-04,65300.0,65300.0,62920.0,63000.0,278200
2021-05-05,63110.0,63110.0,62570.0,62680.0,264400
2021-05-06,62530.0,62680.0,60420.0,60960.0,362700
2021-05-07,60920.0,61240.0,59400.0,59790.0,199900
2021-05-10,58620.0,59520.0,58620.0,58810.0,235200
2021-05-11,59010.0,62530.0,59010.0,59480.0,238100
2021-05-12,59480.0,59710.0,59010.0,59280.0,91400
2021-05-13,59210.0,60650.0,58850.0,60260.0,394900
2021-05-14,60260.0,61350.0,60180.0,60530.0,242500
2021-05-17,60960.0,60960.0,60380.0,60380.0,214200
2021-05-18,60380.0,60570.0,59990.0,60180.0,248100
2021-05-19,60180.0,60260.0,59600.0,59990.0,180500
2021-05-20,59990.0,59990.0,59210.0,59440.0,122100
2021-05-21,59010.0,59400.0,58660.0,58700.0,170500
2021-05-24,59210.0,60650.0,58740.0,60140.0,182600
2021-05-25,60960.0,61750.0,60610.0,61710.0,174200
2021-05-26,61670.0,64209.99999999999,60960.0,64010.00000000001,160900
2021-05-27,64010.00000000001,64090.0,62530.0,63700.0,229100
2021-05-28,62530.0,64010.00000000001,62530.0,63110.0,186100
2021-05-31,62140.0,62720.0,60180.0,60770.0,169300
2021-06-01,59870.0,61040.0,59400.0,60180.0,127300
2021-06-02,59520.0,60180.0,59240.0,59400.0,149300
2021-06-03,59400.0,60180.0,59400.0,60140.0,207600
2021-06-04,60850.0,60850.0,59600.0,60070.0,197400
2021-06-07,60070.0,60960.0,59790.0,60610.0,163500
2021-06-08,60920.0,62610.0,60570.0,61280.0,312400
2021-06-09,61780.0,62530.0,60960.0,61320.0,94900
2021-06-10,61470.0,63500.0,61470.0,62530.0,690600
2021-06-11,62920.0,64440.0,62920.0,64129.99999999999,359400
2021-06-14,64129.99999999999,64870.00000000001,64129.99999999999,64680.00000000001,138600
2021-06-15,64290.00000000001,66630.0,63860.0,65850.0,268600
2021-06-16,65650.0,66040.0,64870.00000000001,66040.0,235800
2021-06-17,64680.00000000001,65610.0,64680.00000000001,64870.00000000001,82700
2021-06-18,65260.00000000001,67220.0,65069.99999999999,66900.0,163800
2021-06-21,67220.0,67220.0,66040.0,66430.0,119200
2021-06-22,67220.0,67220.0,65300.0,65300.0,207400
2021-06-23,65300.0,66830.0,65300.0,66510.0,186000
2021-06-24,66710.0,67330.0,66430.0,67180.0,148100
2021-06-25,67180.0,67220.0,65850.0,67180.0,110700
2021-06-28,67180.0,67220.0,66430.0,66860.0,184300
2021-06-29,66860.0,66860.0,66240.0,66280.0,90800
2021-06-30,66040.0,66280.0,65650.0,66080.0,86800
2021-07-01,66240.0,66240.0,64989.99999999999,65540.0,157000
2021-07-02,66160.0,66160.0,64989.99999999999,66120.0,104000
2021-07-05,66430.0,66430.0,64680.00000000001,65069.99999999999,64900
2021-07-06,65069.99999999999,65110.0,64090.0,64090.0,65200
2021-07-07,64090.0,64170.0,62680.0,63500.0,249800
2021-07-08,63000.0,63620.0,62960.0,63500.0,265000
2021-07-09,63700.0,63700.0,62530.0,62530.0,58300
2021-07-12,62530.0,62530.0,60180.0,62060.0,105800
2021-07-13,61750.0,61940.0,61000.0,61350.0,83700
2021-07-14,61350.0,63270.0,61350.0,62530.0,158200
2021-07-15,61750.0,62490.0,60960.0,62490.0,134400
2021-07-16,62490.0,62490.0,61750.0,61750.0,83900
2021-07-19,61350.0,61350.0,59990.0,60380.0,127000
2021-07-20,60380.0,61160.0,60180.0,60570.0,194300
2021-07-21,61160.0,61550.0,60960.0,61280.0,110500
2021-07-22,60770.0,61160.0,60690.0,61080.0,109500
2021-07-23,60960.0,61710.0,60030.0,60030.0,256800
2021-07-26,60030.0,60220.0,59790.0,59990.0,91000
2021-07-27,60960.0,62140.0,60180.0,60380.0,74000
2021-07-28,60460.0,60960.0,60380.0,60380.0,38500
2021-07-29,60420.0,61350.0,60420.0,61350.0,104800
2021-07-30,62290.0,62530.0,60960.0,62140.0,501300
2021-08-02,61670.0,61670.0,60570.0,60610.0,237200
2021-08-03,60960.0,60960.0,60690.0,60690.0,121000
2021-08-04,60960.0,61750.0,60960.0,61470.0,50200
2021-08-05,60770.0,61350.0,60530.0,60850.0,165900
2021-08-06,61390.0,61390.0,60610.0,60650.0,100900
2021-08-09,60650.0,61350.0,60610.0,60610.0,149100
2021-08-10,60650.0,61280.0,60220.0,60220.0,294100
2021-08-11,60570.0,60690.0,60260.0,60260.0,185900
2021-08-12,60220.0,60260.0,59830.0,59830.0,212000
2021-08-13,59830.0,59830.0,59240.0,59320.0,181200
2021-08-16,59320.0,59600.0,59170.0,59240.0,198600
2021-08-17,59240.0,59240.0,56670.0,56860.0,558200
2021-08-18,56980.0,58230.0,56980.0,57060.0,344800
2021-08-19,57250.0,57840.0,56740.0,57840.0,473300
2021-08-20,57720.0,57720.0,55880.0,55880.0,347100
2021-08-23,55880.0,55880.0,54710.0,54710.0,301500
2021-08-24,55100.0,55840.0,54630.0,55650.0,194300
2021-08-25,55650.0,57760.0,55650.0,57520.0,240000
2021-08-26,57490.0,57800.0,57250.0,57680.0,144900
2021-08-27,57560.0,58230.0,56940.0,58030.0,137300
2021-08-30,58030.0,58420.0,57450.0,57520.0,117800
2021-08-31,57520.0,58620.0,57250.0,58620.0,162700
2021-09-01,58500.0,58500.0,57840.0,58110.0,68500
2021-09-06,57640.0,58620.0,57640.0,58310.0,115800
2021-09-07,58420.0,58930.0,58030.0,58110.0,128900
2021-09-08,58150.0,58580.0,57950.0,58580.0,99900
2021-09-09,58660.0,58660.0,57880.0,58150.0,79700
2021-09-10,58110.0,59360.0,58110.0,59170.0,157900
2021-09-13,61160.0,63270.0,60770.0,63110.0,950000
2021-09-14,63270.0,66040.0,62720.0,64870.00000000001,368000
2021-09-15,64870.00000000001,64870.00000000001,61940.0,64870.00000000001,239700
2021-09-16,63740.0,63780.0,61940.0,62920.0,200200
2021-09-17,62530.0,62920.0,61590.0,62920.0,796700
2021-09-20,63310.0,63310.0,61860.0,61860.0,103500
2021-09-21,61780.0,62490.0,60960.0,61750.0,112100
2021-09-22,61940.0,62330.0,61750.0,61750.0,91500
2021-09-23,62840.0,62840.0,61710.0,61820.0,81000
2021-09-24,62410.0,62530.0,61820.0,62530.0,82100
2021-09-27,62530.0,62610.0,61670.0,62140.0,80500
2021-09-28,61750.0,61900.0,61350.0,61390.0,130500
2021-09-29,61470.0,61470.0,60220.0,61280.0,124500
2021-09-30,61160.0,61350.0,61040.0,61120.0,80000
2021-10-01,61160.0,61160.0,60180.0,60260.0,149400
2021-10-04,60300.0,62140.0,60260.0,60570.0,47900
2021-10-05,61900.0,62880.0,60610.0,62720.0,151600
2021-10-06,62530.0,62530.0,61510.0,61900.0,42300
2021-10-07,62140.0,62330.0,61470.0,61980.0,44000
2021-10-08,61980.0,63820.0,61550.0,63580.0,147700
2021-10-11,63700.0,64480.00000000001,63580.0,63700.0,79200
2021-10-12,64290.00000000001,64440.0,63310.0,63700.0,55700
2021-10-13,64050.0,64440.0,62840.0,62920.0,157900
2021-10-14,62920.0,64440.0,62370.0,62530.0,132300
2021-10-15,62610.0,63700.0,62610.0,63620.0,52900
2021-10-18,62920.0,63310.0,62210.0,62530.0,210800
2021-10-19,62570.0,62570.0,60960.0,61940.0,248200
2021-10-20,61940.0,62640.0,60610.0,60650.0,403600
2021-10-21,61040.0,61940.0,59400.0,59400.0,224700
2021-10-22,60380.0,61160.0,60340.0,61160.0,51800
2021-10-25,61160.0,61750.0,61160.0,61240.0,40000
2021-10-26,61320.0,61710.0,60730.0,60730.0,73200
2021-10-27,61470.0,62490.0,60960.0,62490.0,120600
2021-10-28,63310.0,64400.00000000001,62610.0,64319.99999999999,205900
2021-10-29,64319.99999999999,64319.99999999999,62720.0,62720.0,222200
2021-11-01,62800.0,63700.0,62800.0,63310.0,135000
2021-11-02,63620.0,64680.00000000001,63310.0,64560.0,126300
2021-11-03,64560.0,67530.0,64090.0,67450.0,344200
2021-11-04,66280.0,67450.0,65500.0,67140.0,106400
2021-11-05,65690.0,67220.0,65690.0,67220.0,103300
2021-11-08,67220.0,67960.0,66510.0,67880.0,139900
2021-11-09,67760.0,68000.0,66830.0,68000.0,62700
2021-11-10,68000.0,68000.0,66830.0,68000.0,37600
2021-11-11,67920.0,68350.0,67220.0,67220.0,56300
2021-11-12,67220.0,67960.0,67180.0,67220.0,35800
2021-11-15,67180.0,67610.0,66430.0,66430.0,29300
2021-11-16,66830.0,66830.0,65069.99999999999,66670.0,47000
2021-11-17,66710.0,66710.0,66040.0,66630.0,44500
2021-11-18,66790.0,66790.0,65730.0,65730.0,103400
2021-11-19,65730.0,66120.0,65260.00000000001,65300.0,42100
2021-11-22,65260.00000000001,66360.0,64090.0,65650.0,155100
2021-11-23,65690.0,66360.0,65379.99999999999,65650.0,30600
2021-11-24,65650.0,66040.0,64129.99999999999,65650.0,108200
2021-11-25,65650.0,65650.0,64480.00000000001,64480.00000000001,100600
2021-11-26,64720.0,64720.0,62530.0,62610.0,211800
2021-11-29,62530.0,62530.0,61000.0,61000.0,184300
2021-11-30,61080.0,62530.0,60180.0,60180.0,359300
2021-12-01,61750.0,61750.0,60420.0,61160.0,52000
2021-12-02,61160.0,62530.0,61160.0,62140.0,206600
2021-12-03,62140.0,62140.0,61350.0,61350.0,102100
2021-12-06,61280.0,61280.0,59240.0,59240.0,121600
2021-12-07,59320.0,60380.0,59320.0,59790.0,196400
2021-12-08,59830.0,60030.0,59670.0,59750.0,144500
2021-12-09,59790.0,60260.0,59560.0,59600.0,207900
2021-12-10,59600.0,60180.0,59360.0,59520.0,150200
2021-12-13,59790.0,59910.0,59520.0,59520.0,175100
2021-12-14,59520.0,60180.0,59400.0,59710.0,126400
2021-12-15,59790.0,59790.0,59480.0,59600.0,78900
2021-12-16,59520.0,59670.0,58850.0,59010.0,90400
2021-12-17,59010.0,59130.0,58620.0,58620.0,189300
2021-12-20,58660.0,58660.0,58150.0,58230.0,117100
2021-12-21,58230.0,58500.0,58150.0,58190.0,122000
2021-12-22,58230.0,58230.0,57640.0,57680.0,129400
2021-12-23,57560.0,57680.0,57370.0,57410.0,142700
2021-12-24,57250.0,58150.0,57130.0,57450.0,137800
2021-12-27,57560.0,59010.0,57520.0,57800.0,78300
2021-12-28,58420.0,58420.0,57640.0,57950.0,102000
2021-12-29,57950.0,57950.0,57720.0,57950.0,50300
2021-12-30,58230.0,58230.0,58030.0,58190.0,82100
2021-12-31,58190.0,62180.0,58190.0,59010.0,276600
2022-01-04,59400.0,61550.0,59400.0,61350.0,395300
2022-01-05,61750.0,62410.0,61750.0,62250.0,322300
2022-01-06,62140.0,62210.0,60960.0,61200.0,75300
2022-01-07,61240.0,61240.0,60210.0,60650.0,114100
2022-01-10,61000.0,61000.0,59810.0,60170.0,195900
2022-01-11,60170.0,60570.0,59580.0,60530.0,129700
2022-01-12,60490.0,60530.0,59740.0,60490.0,163300
2022-01-13,60570.0,60610.0,59780.0,59780.0,120000
2022-01-14,59380.0,60210.0,59380.0,60130.0,80400
2022-01-17,60170.0,61320.0,58980.0,59380.0,185000
2022-01-18,59420.0,60530.0,59420.0,59780.0,269400
2022-01-19,60170.0,60170.0,58980.0,59380.0,111500
2022-01-20,58390.0,60800.0,57950.0,59380.0,238100
2022-01-21,60130.0,60130.0,57400.0,58590.0,108700
2022-01-24,58710.0,58710.0,57200.0,57400.0,161600
2022-01-25,57360.0,58790.0,56570.0,57400.0,155900
2022-01-26,57400.0,57400.0,56610.0,56890.0,130100
2022-01-27,57400.0,58940.0,57000.0,58900.0,157500
2022-01-28,58900.0,59300.0,58230.0,58860.0,164800
2022-02-07,59180.0,61360.0,59180.0,60210.0,75700
2022-02-08,60760.0,61280.0,60130.0,61280.0,123100
2022-02-09,61120.0,61280.0,59780.0,60880.0,75900
2022-02-10,61280.0,62150.0,59890.0,62150.0,208500
2022-02-11,62190.0,63180.0,61560.0,63180.0,223800
2022-02-14,61440.0,66470.0,61440.0,66470.0,342500
2022-02-15,66430.0,67450.0,66070.0,67300.0,430400
2022-02-16,67420.0,67420.0,65319.99999999999,66660.0,107500
2022-02-17,66470.0,68170.0,66310.0,67490.0,311500
2022-02-18,66500.0,67260.0,66030.0,67060.0,189100
2022-02-21,66900.0,67300.0,66110.0,67140.0,105500
2022-02-22,66860.0,66860.0,63340.0,66660.0,118400
2022-02-23,66540.0,67450.0,66540.0,67220.0,150800
2022-02-24,65750.0,67450.0,65519.99999999999,67180.0,162700
2022-02-25,66980.0,67300.0,66500.0,67140.0,88000
2022-02-28,66900.0,67260.0,65950.0,67220.0,70600
2022-03-01,67220.0,67220.0,66310.0,66500.0,42900
2022-03-02,66700.0,67500.0,66300.0,67500.0,93200
2022-03-03,67300.0,67460.0,66740.0,66740.0,23700
2022-03-04,66300.0,66300.0,63910.0,63910.0,111700
2022-03-07,62910.0,63870.0,61150.0,61750.0,286400
2022-03-08,61230.0,62150.0,61190.0,62150.0,96800
2022-03-09,61790.0,64310.0,61510.0,61910.0,178800
2022-03-10,61910.0,63510.0,61910.0,62710.0,143000
2022-03-11,63430.0,63430.0,61390.0,61510.0,133700
2022-03-14,61110.0,61870.0,60310.0,61510.0,154500
2022-03-15,61510.0,61510.0,60110.0,60430.0,138100
2022-03-16,60510.0,61550.0,60190.0,61510.0,143000
2022-03-17,61510.0,61510.0,60790.0,61510.0,41700
2022-03-18,61790.0,61870.0,60510.0,60510.0,240200
2022-03-21,61470.0,61470.0,60750.0,60790.0,66500
2022-03-22,61430.0,61670.0,61030.0,61510.0,117300
2022-03-23,61510.0,63910.0,61070.0,62910.0,145400
2022-03-24,63030.0,63070.0,61910.0,63030.0,95200
2022-03-25,63110.0,63110.0,62270.0,62910.0,122600
2022-03-28,63150.0,63150.0,61510.0,62950.0,78100
2022-03-29,62950.0,63470.0,62030.0,63110.0,170100
2022-03-30,63110.0,63110.0,62470.0,63070.0,159900
2022-03-31,63070.0,63510.0,62870.0,63510.0,196900
2022-04-01,64110.0,66300.0,63550.0,66020.0,350200
2022-04-04,66620.0,66820.0,66100.0,66500.0,221400
2022-04-05,66500.0,66700.0,66300.0,66380.0,69400
2022-04-06,66300.0,67980.0,65140.0,67700.0,296600
2022-04-07,67420.0,67420.0,66500.0,66500.0,89600
2022-04-08,64550.0,66340.0,64550.0,65580.0,145200
2022-04-12,65540.0,66700.0,65220.0,65220.0,111700
2022-04-13,65260.00000000001,65900.0,64790.00000000001,65300.0,132800
2022-04-14,65459.99999999999,66700.0,64550.0,66660.0,100300
2022-04-15,66300.0,68220.0,66300.0,67340.0,220100
2022-04-18,67260.0,69100.0,67100.0,67900.0,779800
2022-04-19,67900.0,68300.0,66300.0,67460.0,319300
2022-04-20,67460.0,69060.0,66700.0,68700.0,322500
2022-04-21,67940.0,68620.0,66660.0,67780.0,501700
2022-04-22,67740.0,72450.0,63070.0,68020.0,373200
2022-04-25,67580.0,67580.0,63270.0,63270.0,258900
2022-04-26,60310.0,67620.0,60310.0,67500.0,440300
2022-04-27,64790.00000000001,67500.0,64790.00000000001,67500.0,146500
2022-04-28,65940.0,66700.0,65180.00000000001,65900.0,43700
2022-04-29,65660.0,66300.0,63910.0,64750.0,161500
2022-05-04,63830.0,65500.0,63830.0,65300.0,75900
2022-05-05,65300.0,67660.0,64390.0,67660.0,112300
2022-05-06,66300.0,67620.0,65900.0,66900.0,155000
2022-05-09,65220.0,66700.0,63910.0,63950.0,186100
2022-05-10,62830.0,65900.0,62710.0,65860.0,147000
2022-05-11,65820.0,66020.0,64709.99999999999,65300.0,159400
2022-05-12,65300.0,66540.0,64670.0,65860.0,239400
2022-05-13,65500.0,65900.0,61470.0,64980.00000000001,331600
2022-05-16,63510.0,64670.0,61710.0,63030.0,99700
2022-05-17,61430.0,66100.0,61110.0,66100.0,172300
2022-05-18,64709.99999999999,65019.99999999999,63510.0,64510.00000000001,155400
2022-05-19,62310.0,65060.0,62310.0,65060.0,138600
2022-05-20,63230.0,64190.0,62310.0,62510.0,166700
2022-05-23,62550.0,63110.0,61510.0,61550.0,96400
2022-05-24,61550.0,61910.0,61110.0,61510.0,178100
2022-05-25,61510.0,62150.0,61150.0,61510.0,196200
2022-05-26,61510.0,62190.0,60910.0,61110.0,227400
2022-05-27,61150.0,61790.0,60990.0,61510.0,228700
2022-05-30,61510.0,61870.0,60990.0,61270.0,140900
2022-05-31,61270.0,61790.0,60670.0,61310.0,170900
2022-06-01,60950.0,61710.0,60950.0,61150.0,359100
2022-06-02,61150.0,61510.0,60950.0,61110.0,114900
2022-06-03,61110.0,62630.0,61110.0,61990.0,258700
2022-06-06,61910.0,63470.0,61910.0,63310.0,221300
2022-06-07,63070.0,63870.0,62670.0,63870.0,137700
2022-06-08,63870.0,64790.00000000001,63070.0,63790.0,198900
2022-06-09,63790.0,63830.0,62710.0,62710.0,111000
2022-06-10,62710.0,63230.0,62510.0,62990.0,76800
2022-06-13,61910.0,61910.0,60590.0,61110.0,151500
2022-06-14,60710.0,60870.0,59750.0,59910.0,196400
2022-06-15,60710.0,60990.0,59910.0,60710.0,116800
2022-06-16,60910.0,63110.0,60910.0,62470.0,156700
2022-06-17,61070.0,62710.0,60310.0,62310.0,150800
2022-06-20,61110.0,61790.0,60510.0,60710.0,52400
2022-06-21,61310.0,63110.0,59510.0,61910.0,182900
2022-06-22,62990.0,62990.0,61510.0,62310.0,135500
2022-06-23,60550.0,61870.0,60550.0,61270.0,23500
2022-06-24,60790.0,62230.0,60790.0,62150.0,84000
2022-06-27,62310.0,62670.0,61910.0,62630.0,99100
2022-06-28,62630.0,62830.0,61030.0,62750.0,69100
2022-06-29,62750.0,62750.0,61310.0,61510.0,39300
2022-06-30,61510.0,62310.0,61510.0,61750.0,24300
2022-07-01,62190.0,62190.0,60910.0,61470.0,61500
2022-07-04,61510.0,61910.0,60910.0,61310.0,20800
2022-07-05,61830.0,61870.0,60230.0,60230.0,151300
2022-07-06,60230.0,61110.0,59910.0,60950.0,60300
2022-07-07,61070.0,62390.0,60470.0,62390.0,52100
2022-07-08,61070.0,62430.0,61070.0,61950.0,91500
2022-07-11,61350.0,61950.0,61110.0,61950.0,54500
2022-07-12,61030.0,61910.0,61030.0,61350.0,25900
2022-07-13,61190.0,62230.0,61190.0,61350.0,41700
2022-07-14,61110.0,61910.0,61110.0,61870.0,22400
2022-07-15,61510.0,61630.0,60950.0,61510.0,38500
2022-07-18,61230.0,61590.0,61190.0,61590.0,12000
2022-07-19,61710.0,62670.0,61190.0,62630.0,139000
2022-07-20,62910.0,63830.0,62630.0,63830.0,107200
2022-07-21,63910.0,66300.0,63910.0,65900.0,223300
2022-07-22,65500.0,67060.0,64310.0,66300.0,196400
2022-07-25,66300.0,66300.0,65099.99999999999,65900.0,130900
2022-07-26,64709.99999999999,67100.0,64709.99999999999,66980.0,165100
2022-07-27,67020.0,67020.0,66220.0,66980.0,116700
2022-07-28,67580.0,69900.0,67580.0,69100.0,233300
2022-07-29,70060.0,73690.0,70060.0,71890.0,170300
2022-08-01,72690.0,73490.0,72010.0,73090.0,214600
2022-08-02,72690.0,75050.0,72690.0,75010.0,230100
2022-08-03,74290.0,76290.0,73810.0,75850.0,240200
2022-08-04,75090.0,76010.0,71890.0,73890.0,292700
2022-08-05,72730.0,75890.0,72530.0,72930.0,219700
2022-08-08,73250.0,75090.0,71500.0,72290.0,147600
2022-08-09,73490.0,73490.0,71970.0,71970.0,138800
2022-08-10,72690.0,72690.0,71420.0,72690.0,135400
2022-08-11,73010.0,73770.0,71890.0,72690.0,198700
2022-08-12,72490.0,72890.0,72130.0,72690.0,109400
2022-08-15,72690.0,74690.0,72330.0,74290.0,242900
2022-08-16,74850.0,75290.0,74330.0,75090.0,192800
2022-08-17,75090.0,75370.0,73490.0,75290.0,200800
2022-08-18,75250.0,79040.0,74330.0,77290.0,330000
2022-08-19,76330.0,78330.0,76330.0,77890.0,104300
2022-08-22,78050.0,78050.0,76770.0,77490.0,87800
2022-08-23,77290.0,77890.0,75890.0,75890.0,89400
2022-08-24,75890.0,76810.0,74490.0,74690.0,123100
2022-08-25,74730.0,77010.0,74610.0,74890.0,61400
2022-08-26,74810.0,75290.0,73610.0,75090.0,91500
2022-08-29,73290.0,75850.0,73290.0,75090.0,106300
2022-08-30,75290.0,75490.0,74610.0,75050.0,57400
2022-08-31,75010.0,75250.0,74090.0,75050.0,126000
2022-09-05,75050.0,75130.0,74330.0,75090.0,105900
2022-09-06,75090.0,76170.0,75010.0,75330.0,103500
2022-09-07,75330.0,75490.0,74010.0,75090.0,128400
2022-09-08,75490.0,77130.0,75090.0,76570.0,168200
2022-09-09,76890.0,78090.0,76570.0,77410.0,226800
2022-09-12,77410.0,79000.0,77410.0,77890.0,228226
2022-09-13,77890.0,78570.0,76290.0,76290.0,164013
2022-09-14,75890.0,75890.0,73490.0,73490.0,237755
2022-09-15,73690.0,75090.0,73090.0,74010.0,200047
2022-09-16,75450.0,75450.0,73090.0,74010.0,189344
2022-09-19,74010.0,74890.0,73850.0,74010.0,147392
2022-09-20,74290.0,75690.0,74210.0,74890.0,82345
2022-09-21,74090.0,75690.0,73970.0,75090.0,46777
2022-09-22,75650.0,75650.0,74210.0,74690.0,103014
2022-09-23,75090.0,75090.0,74170.0,74690.0,140285
2022-09-26,74290.0,75090.0,73490.0,73890.0,130861
2022-09-27,74450.0,74450.0,73090.0,74010.0,90826
2022-09-28,73490.0,73810.0,69900.0,73090.0,78870
2022-09-29,74130.0,74130.0,72090.0,73010.0,63454
2022-09-30,71100.0,74490.0,71100.0,73890.0,95366
2022-10-03,72290.0,74290.0,72290.0,72770.0,77541
2022-10-04,72770.0,75450.0,72770.0,75090.0,206502
2022-10-05,75730.0,76290.0,74730.0,75490.0,265145
2022-10-06,73970.0,74490.0,73890.0,74210.0,54259
2022-10-07,73090.0,74690.0,73090.0,74690.0,178228
2022-10-10,74290.0,74330.0,72370.0,73690.0,211582
2022-10-11,73290.0,74090.0,72730.0,73290.0,158429
2022-10-12,74890.0,74890.0,73290.0,73290.0,60251
2022-10-13,73290.0,75890.0,72490.0,75890.0,195652
2022-10-14,77090.0,77090.0,73490.0,75250.0,99304
2022-10-17,74090.0,75810.0,73330.0,73930.0,66729
2022-10-18,75650.0,75810.0,74010.0,75810.0,180310
2022-10-19,75890.0,76250.0,75290.0,76250.0,114130
2022-10-20,75890.0,76650.0,75570.0,76410.0,114473
2022-10-21,76490.0,77890.0,75650.0,77090.0,177745
2022-10-24,78290.0,81080.0,72290.0,72290.0,280026
2022-10-25,73330.0,76890.0,73290.0,75010.0,252280
2022-10-26,77330.0,77330.0,74330.0,74330.0,150651
2022-10-27,74370.0,75450.0,73290.0,75050.0,222221
2022-10-28,75890.0,76130.0,74330.0,74330.0,85974
2022-10-31,75290.0,75290.0,72890.0,74010.0,105734
2022-11-01,74010.0,74650.0,73170.0,73330.0,170840
2022-11-02,73330.0,73330.0,71930.0,73290.0,165031
2022-11-03,73090.0,73090.0,72130.0,72690.0,63244
2022-11-04,72690.0,73890.0,71500.0,72690.0,117653
2022-11-07,72730.0,73490.0,72330.0,73490.0,196949
2022-11-08,73490.0,73570.0,73010.0,73090.0,169247
2022-11-09,73130.0,74210.0,73130.0,73690.0,145633
2022-11-10,74090.0,74290.0,73090.0,73690.0,167769
2022-11-11,75090.0,76650.0,74210.0,75010.0,162200
2022-11-14,75010.0,78250.0,72690.0,77890.0,240201
2022-11-15,77850.0,77850.0,74490.0,74490.0,159162
2022-11-16,72690.0,74290.0,72210.0,72210.0,271461
2022-11-17,73050.0,77250.0,71700.0,73090.0,282635
2022-11-18,74050.0,74090.0,71300.0,71580.0,295493
2022-11-21,72690.0,73490.0,71890.0,72930.0,73479
2022-11-22,72170.0,73890.0,71930.0,72370.0,103209
2022-11-23,72210.0,73090.0,72210.0,72690.0,54115
2022-11-24,73090.0,73090.0,71890.0,72090.0,152677
2022-11-25,72090.0,72770.0,71850.0,71890.0,144610
2022-11-28,66860.0,71890.0,66860.0,70740.0,297834
2022-11-29,70780.0,71850.0,69620.0,70300.0,310923
2022-11-30,71810.0,72170.0,70340.0,71890.0,288494
2022-12-01,71500.0,72090.0,69900.0,70060.0,378063
2022-12-02,70100.0,72210.0,70100.0,70700.0,307668
2022-12-05,70740.0,72290.0,70740.0,71780.0,167428
2022-12-06,71740.0,71890.0,71060.0,71300.0,250701
2022-12-07,70540.0,71850.0,70500.0,71500.0,214300
2022-12-08,71850.0,71890.0,70700.0,71100.0,188346
2022-12-09,71620.0,71620.0,70700.0,71100.0,217859
2022-12-12,71100.0,71850.0,71100.0,71220.0,236167
2022-12-13,71220.0,71700.0,71100.0,71100.0,362046
2022-12-14,71660.0,71780.0,70820.0,71500.0,252382
2022-12-15,71540.0,71810.0,71260.0,71500.0,139733
2022-12-16,71500.0,71500.0,70740.0,70740.0,426041
2022-12-19,70780.0,71300.0,69900.0,69900.0,162297
2022-12-20,70060.0,71720.0,69700.0,70100.0,306574
2022-12-21,69900.0,71480.0,69900.0,70910.0,173011
2022-12-22,71030.0,72090.0,71030.0,71030.0,123350
2022-12-23,71680.0,71720.0,70910.0,70910.0,75318
2022-12-26,71320.0,71680.0,70100.0,70100.0,220909
2022-12-27,71030.0,71480.0,69490.0,69490.0,138580
2022-12-28,69620.0,71520.0,69530.0,71520.0,157082
2022-12-29,70300.0,71200.0,70060.0,70060.0,103504
2022-12-30,70510.0,71280.0,67630.0,67630.0,167351
2023-01-03,69330.0,70300.0,68160.0,68480.0,121713
2023-01-04,68560.0,70510.0,68480.0,69490.0,116979
2023-01-05,69700.0,74360.0,69490.0,70590.0,255431
2023-01-06,71800.0,73990.0,70590.0,73220.0,130314
2023-01-09,72740.0,73750.0,71240.0,72780.0,47064
2023-01-10,72820.0,73020.0,71360.0,71360.0,101469
2023-01-11,72940.0,73710.0,72940.0,73340.0,155165
2023-01-12,73750.0,73750.0,72530.0,72860.0,30404
2023-01-13,72860.0,75530.0,72860.0,75330.0,218533
2023-01-16,76180.0,76950.0,75410.0,76380.0,105654
2023-01-17,76180.0,76380.0,73870.0,75770.0,88786
2023-01-18,77800.0,77800.0,75770.0,75770.0,75333
2023-01-19,76990.0,78210.0,75250.0,75250.0,201867
2023-01-27,75290.0,79020.0,75290.0,78250.0,133901
2023-01-30,78250.0,78250.0,76790.0,76990.0,178084
2023-01-31,75770.0,77310.0,75570.0,76580.0,55652
2023-02-01,76580.0,77190.0,75610.0,75770.0,170831
2023-02-02,76990.0,77600.0,75410.0,75980.0,88754
2023-02-03,75290.0,78120.0,75290.0,78120.0,105498
2023-02-06,77190.0,79180.0,77030.0,79180.0,79187
2023-02-07,77800.0,79830.0,77480.0,77480.0,28984
2023-02-08,76580.0,80430.0,76580.0,79910.0,110180
2023-02-09,79950.0,80640.0,77800.0,78530.0,50063
2023-02-10,79420.0,79420.0,76670.0,76750.0,70941
2023-02-13,76580.0,77760.0,75530.0,77760.0,88082
2023-02-14,78170.0,78170.0,75810.0,76180.0,51574
2023-02-15,76220.0,77600.0,76180.0,76580.0,77155
2023-02-16,76220.0,77190.0,76180.0,76870.0,27770
2023-02-17,76870.0,76990.0,75610.0,75810.0,45409
2023-02-20,77400.0,78170.0,76380.0,77070.0,69972
2023-02-21,76020.0,77310.0,76020.0,77190.0,84600
2023-02-22,77400.0,77400.0,75770.0,75770.0,82202
2023-02-23,76580.0,76630.0,74960.0,75810.0,78070
2023-02-24,75810.0,76830.0,74960.0,76580.0,98821
2023-02-27,76990.0,76990.0,75000.0,75090.0,57696
2023-02-28,76990.0,77110.0,75170.0,76180.0,96998
2023-03-01,75370.0,78000.0,75210.0,78000.0,41440
2023-03-02,76820.0,77390.0,76210.0,76620.0,38337
2023-03-03,77110.0,77110.0,75440.0,76170.0,92460
2023-03-06,78170.0,78170.0,75360.0,75360.0,76418
2023-03-07,75760.0,76990.0,75440.0,76130.0,122740
2023-03-08,75110.0,75970.0,75110.0,75970.0,97479
2023-03-09,75970.0,76210.0,75930.0,75970.0,216789
2023-03-10,75230.0,76210.0,75230.0,75600.0,266761
2023-03-13,76090.0,76170.0,75760.0,76170.0,353629
2023-03-14,76460.0,77390.0,76170.0,77390.0,261500
2023-03-15,77640.0,78000.0,77030.0,77190.0,233815
2023-03-16,77350.0,79840.0,76170.0,77800.0,308163
2023-03-17,77800.0,78210.0,77070.0,78210.0,407112
2023-03-20,77430.0,78290.0,75800.0,76990.0,42572
2023-03-21,76990.0,77390.0,75720.0,75760.0,141737
2023-03-22,75560.0,76940.0,74740.0,76370.0,181701
2023-03-23,76370.0,76660.0,75030.0,76580.0,86560
2023-03-24,75360.0,76660.0,75360.0,76500.0,130729
2023-03-27,75800.0,76580.0,75600.0,75760.0,58488
2023-03-28,75760.0,75970.0,75440.0,75760.0,59861
2023-03-29,76090.0,76090.0,74990.0,75520.0,60107
2023-03-30,75890.0,75890.0,75110.0,75360.0,70120
2023-03-31,75360.0,75680.0,74740.0,75230.0,66534
2023-04-03,74950.0,75150.0,73730.0,73730.0,94103
2023-04-04,73810.0,73970.0,72420.0,72500.0,165102
2023-04-05,72550.0,72550.0,71490.0,71890.0,167152
2023-04-06,72710.0,72710.0,71890.0,72060.0,147454
2023-04-07,72100.0,72460.0,71730.0,72100.0,65541
2023-04-10,72340.0,72340.0,71690.0,71930.0,193779
2023-04-11,71610.0,71770.0,71280.0,71280.0,131496
2023-04-12,70960.0,70960.0,69530.0,69650.0,336200
2023-04-13,69860.0,70350.0,68630.0,69040.0,186647
2023-04-14,69040.0,69250.0,68020.0,68020.0,276997
2023-04-17,67860.0,68020.0,66800.0,66800.0,233121
2023-04-18,67090.0,68430.0,67050.0,67540.0,180040
2023-04-19,68310.0,69650.0,67700.0,69410.0,329471
2023-04-20,69940.0,70630.0,69450.0,69450.0,246631
2023-04-21,70260.0,70300.0,69450.0,69450.0,170200
2023-04-24,69450.0,69730.0,69450.0,69690.0,126828
2023-04-25,69690.0,69730.0,68840.0,69650.0,197810
2023-04-26,69650.0,69860.0,69570.0,69650.0,177595
2023-04-27,69650.0,70880.0,69040.0,70880.0,154852
2023-04-28,71000.0,71200.0,70060.0,70060.0,75525
2023-05-04,70060.0,70060.0,67660.0,67860.0,108279
2023-05-05,67940.0,68230.0,67330.0,67410.0,110357
2023-05-08,67620.0,67940.0,67540.0,67820.0,68018
2023-05-09,68020.0,68020.0,67210.0,67250.0,79636
2023-05-10,67250.0,67540.0,67250.0,67290.0,101416
2023-05-11,67330.0,68840.0,66800.0,67010.0,164530
2023-05-12,67370.0,67490.0,66350.0,66760.0,149936
2023-05-15,67090.0,67450.0,66800.0,66840.0,119316
2023-05-16,67210.0,67210.0,66310.0,66390.0,73688
2023-05-17,66390.0,66390.0,66030.0,66190.0,103382
2023-05-18,66190.0,66390.0,65820.0,66110.0,180313
2023-05-19,66110.0,66110.0,65209.99999999999,65459.99999999999,76255
2023-05-22,65459.99999999999,65910.0,65250.0,65459.99999999999,66710
2023-05-23,65780.0,65910.0,64440.0,64769.99999999999,145123
2023-05-24,65010.00000000001,65129.99999999999,64560.0,64560.0,116581
2023-05-25,64560.0,64680.00000000001,63540.0,64360.0,98068
2023-05-26,64360.0,64360.0,63140.0,63340.0,71131
2023-05-29,63380.0,64110.0,63220.0,63260.0,91386
2023-05-30,63300.0,63670.0,63260.0,63540.0,145827
2023-05-31,63540.0,64560.0,63540.0,64360.0,158142
2023-06-01,63710.0,64769.99999999999,63710.0,64440.0,126346
2023-06-02,64970.0,64970.0,64190.0,64360.0,138837
2023-06-05,65170.0,65290.00000000001,64810.0,64930.00000000001,113557
2023-06-06,65129.99999999999,65209.99999999999,64890.0,65170.0,126962
2023-06-07,65209.99999999999,65290.00000000001,65010.00000000001,65090.0,205261
2023-06-08,65250.0,65250.0,64970.0,65090.0,158445
2023-06-09,65590.0,65590.0,64970.0,64970.0,27596
2023-06-12,65010.00000000001,66700.0,65010.00000000001,66610.0,109454
2023-06-13,66650.0,66700.0,66040.0,66530.0,84729
2023-06-14,66530.0,67230.0,66040.0,66610.0,203504
2023-06-15,66940.0,66940.0,65379.99999999999,65379.99999999999,108826
2023-06-16,66200.0,66200.0,63740.0,63740.0,235092
2023-06-19,64560.0,64560.0,64110.0,64480.00000000001,129833
2023-06-20,64480.00000000001,64480.00000000001,63820.0,63860.0,98003
2023-06-21,63860.0,64060.0,63490.0,63740.0,136951
2023-06-22,64150.00000000001,64150.00000000001,63650.0,63650.0,146129
2023-06-23,63650.0,64349.99999999999,63490.0,64349.99999999999,198714
2023-06-26,64930.00000000001,64930.00000000001,64150.00000000001,64150.00000000001,140069
2023-06-27,63980.0,64560.0,63490.0,63490.0,194770
2023-06-28,63900.0,63900.0,63570.0,63610.0,84963
2023-06-29,63820.0,63820.0,63320.0,63320.0,179854
2023-06-30,63490.0,63490.0,63120.0,63160.0,152764
2023-07-03,63320.0,63650.0,63120.0,63200.0,78380
2023-07-04,63200.0,63450.0,63080.0,63160.0,99059
2023-07-05,63240.0,63650.0,63160.0,63240.0,80027
2023-07-06,63240.0,63320.0,63080.0,63080.0,91589
2023-07-07,63160.0,63490.0,62050.0,62090.0,203825
2023-07-10,62130.0,62210.0,61680.0,61800.0,198740
2023-07-11,61680.0,62010.0,61680.0,61680.0,203662
2023-07-12,61680.0,62500.0,61680.0,62090.0,99205
2023-07-13,62170.0,63320.0,62170.0,63120.0,206883
2023-07-14,63160.0,63240.0,62950.0,63240.0,119440
2023-07-17,63450.0,63780.0,62910.0,63120.0,121321
2023-07-18,63240.0,63410.0,62750.0,62950.0,123270
2023-07-19,62950.0,63160.0,62830.0,62830.0,151271
2023-07-20,62830.0,63280.0,62790.0,62990.0,111083
2023-07-21,62950.0,62990.0,62670.0,62950.0,122520
2023-07-24,63040.0,63940.0,63040.0,63740.0,232461
2023-07-25,64060.0,65010.00000000001,63820.0,64970.0,379903
2023-07-26,64930.00000000001,66530.0,64930.00000000001,66450.0,199814
2023-07-27,66200.0,66410.0,65590.0,65870.0,151733
2023-07-28,65790.0,65870.0,64560.0,64560.0,324848
2023-07-31,64519.99999999999,65670.0,64390.0,64480.00000000001,275767
2023-08-01,65420.0,65790.0,64970.0,65129.99999999999,132722
2023-08-02,65500.0,65500.0,64849.99999999999,65340.0,122483
2023-08-03,65630.0,66410.0,65379.99999999999,66410.0,280516
2023-08-04,66820.0,66820.0,65590.0,66000.0,246191
2023-08-07,65870.0,66700.0,65630.0,66200.0,285605
2023-08-08,66740.0,66740.0,66040.0,66450.0,168973
2023-08-09,66450.0,66490.0,65910.0,66200.0,127854
2023-08-10,66330.0,66330.0,65790.0,66040.0,181110
2023-08-11,65790.0,66040.0,65170.0,65590.0,187621
2023-08-14,65379.99999999999,65630.0,64970.0,64970.0,163400
2023-08-15,64970.0,64970.0,64430.00000000001,64680.00000000001,147896
2023-08-16,65379.99999999999,65590.0,64560.0,64680.00000000001,218632
2023-08-17,64680.00000000001,64680.00000000001,63940.0,64019.99999999999,325963
2023-08-18,63940.0,65170.0,62790.0,63160.0,305826
2023-08-21,63530.0,63530.0,62500.0,62790.0,208436
2023-08-22,62790.0,63080.0,61680.0,61680.0,391792
2023-08-23,62710.0,62830.0,61680.0,61720.0,353811
2023-08-24,63690.0,63740.0,62990.0,63120.0,609870
2023-08-25,63860.0,65050.0,63610.0,64230.00000000001,431279
2023-08-28,64970.0,64970.0,64110.0,64269.99999999999,287470
2023-08-29,64349.99999999999,65500.0,64110.0,65010.00000000001,275818
2023-08-30,65590.0,66120.0,65260.00000000001,65710.0,280090
2023-08-31,65790.0,66000.0,64970.0,64970.0,295944
2023-09-05,65379.99999999999,65960.0,65170.0,65300.0,336249
2023-09-06,65090.0,65790.0,65090.0,65379.99999999999,239685
2023-09-07,65540.0,66200.0,65500.0,66000.0,235834
2023-09-08,66120.0,66530.0,65790.0,66040.0,286244
2023-09-11,66450.0,69860.0,66450.0,68870.0,846090
2023-09-12,69860.0,70110.0,69000.0,69450.0,483829
2023-09-13,69530.0,69820.0,68460.0,68590.0,686293
2023-09-14,72370.0,72370.0,69160.0,70070.0,1163769
2023-09-15,70730.0,70730.0,68340.0,68340.0,512171
2023-09-18,68340.0,68340.0,66120.0,66450.0,484644
2023-09-19,66370.0,67270.0,64560.0,64970.0,666746
2023-09-20,65050.0,66610.0,64970.0,66200.0,523433
2023-09-21,66280.0,67270.0,65790.0,65790.0,481004
2023-09-22,64970.0,65300.0,63490.0,64640.0,464405
2023-09-25,64720.0,65300.0,62500.0,62500.0,227565
2023-09-26,62500.0,62990.0,61680.0,61930.0,414487
2023-09-27,61930.0,62170.0,60770.0,60940.0,510277
2023-09-28,61020.0,61270.0,59540.0,59540.0,452919
2023-09-29,60030.0,60280.0,59540.0,59620.0,361434
2023-10-02,60280.0,60280.0,59710.0,60030.0,218669
2023-10-03,60200.0,60200.0,57810.0,57810.0,608829
2023-10-04,57570.0,57730.0,56990.0,57570.0,336122
2023-10-05,57730.0,58390.0,57160.0,57160.0,185500
2023-10-06,57160.0,57570.0,56170.0,57240.0,321281
2023-10-09,57320.0,57400.0,56580.0,56580.0,439058
2023-10-10,56740.0,57400.0,55920.0,56580.0,596943
2023-10-11,56580.0,56660.0,55760.0,55920.0,533399
2023-10-12,56250.0,56660.0,56090.0,56660.0,526803
2023-10-13,56500.0,57900.0,56090.0,57650.0,606209
2023-10-16,57650.0,59050.0,57650.0,58310.0,665224
2023-10-17,58800.0,58880.0,57480.0,57480.0,353145
2023-10-18,57480.0,57480.0,55510.0,56170.0,511837
2023-10-19,56170.0,56580.0,55760.0,56170.0,289806
2023-10-20,56250.0,57570.0,55920.0,57570.0,209811
2023-10-23,57570.0,57570.0,55760.0,55760.0,315753
2023-10-24,55680.0,57400.0,55680.0,56830.0,175642
2023-10-25,56740.0,57320.0,56330.0,56910.0,223692
2023-10-26,55920.0,56330.0,54280.0,54440.0,390174
2023-10-27,54200.0,54200.0,51070.0,51890.0,998568
2023-10-30,51890.0,51890.0,50000.0,50000.0,380510
2023-10-31,50080.0,50170.0,46630.0,46630.0,842881
2023-11-01,46880.0,47530.0,45150.0,47210.0,737226
2023-11-02,47620.0,50490.0,47620.0,50490.0,720414
2023-11-03,50490.0,53210.0,50490.0,52550.0,746541
2023-11-06,53040.0,54440.0,52550.0,54440.0,572517
2023-11-07,54520.0,54940.0,53370.0,53540.0,442456
2023-11-08,53870.0,53870.0,51480.0,53540.0,925486
2023-11-09,53870.0,54110.0,52300.0,52550.0,1036129
2023-11-10,52470.0,52470.0,51230.0,51320.0,741388
2023-11-13,51320.0,52220.0,50250.0,50410.0,574611
2023-11-14,50820.0,52060.0,50740.0,50990.0,735377
2023-11-15,51970.0,53040.0,51890.0,51970.0,1324511
2023-11-16,52390.0,53130.0,51970.0,52800.0,741541
2023-11-17,52880.0,53780.0,52140.0,52390.0,979081
2023-11-20,51560.0,52300.0,51400.0,51810.0,659933
2023-11-21,51970.0,52470.0,51730.0,51890.0,564067
2023-11-22,51890.0,52550.0,51890.0,52220.0,475292
2023-11-23,52300.0,52550.0,49670.0,49670.0,618168
2023-11-24,49750.0,51810.0,49750.0,51810.0,765112
2023-11-27,51400.0,52960.0,51320.0,52880.0,946921
2023-11-28,53040.0,53370.0,52140.0,53370.0,497673
2023-11-29,53370.0,54940.0,52800.0,54440.0,771466
2023-11-30,54110.0,54610.0,53460.0,53460.0,550389
2023-12-01,53460.0,53620.0,52720.0,53460.0,288446
2023-12-04,53460.0,54200.0,52800.0,53210.0,552915
2023-12-05,53870.0,53870.0,52630.0,52630.0,402334
2023-12-06,52630.0,53700.0,52630.0,53620.0,288994
2023-12-07,54200.0,54200.0,53460.0,53950.0,627406
2023-12-08,54280.0,54280.0,53540.0,53950.0,556866
2023-12-11,54030.0,54360.0,53540.0,53870.0,384307
2023-12-12,53870.0,54200.0,53370.0,53460.0,361335
2023-12-13,53620.0,54110.0,52630.0,52630.0,747146
2023-12-14,52960.0,53370.0,51810.0,51810.0,427966
2023-12-15,51890.0,52300.0,51650.0,51650.0,845260
2023-12-18,51730.0,51730.0,50410.0,50580.0,592149
2023-12-19,50910.0,51400.0,50580.0,51150.0,528498
2023-12-20,51150.0,51560.0,50910.0,50990.0,565769
2023-12-21,50580.0,51150.0,50580.0,50990.0,445382
2023-12-22,50990.0,51070.0,50580.0,50580.0,640727
2023-12-25,50490.0,51890.0,50490.0,50990.0,547509
2023-12-26,51230.0,51810.0,51230.0,51560.0,358033
2023-12-27,51730.0,52060.0,51070.0,51070.0,647201
2023-12-28,51480.0,51890.0,51150.0,51150.0,868844
2023-12-29,51810.0,52220.0,51560.0,51810.0,1569131
2024-01-02,52550.0,52880.0,52060.0,52220.0,771225
2024-01-03,52390.0,52390.0,51970.0,52220.0,558138
2024-01-04,52390.0,52730.0,52390.0,52560.0,774491
2024-01-05,52560.0,52560.0,51880.0,52140.0,709246
2024-01-08,52140.0,52470.0,52140.0,52300.0,655600
2024-01-09,52220.0,52470.0,51800.0,51880.0,559039
2024-01-10,51880.0,51880.0,51040.0,51210.0,822458
2024-01-11,51210.0,52050.0,51210.0,51720.0,489824
2024-01-12,51720.0,51720.0,50960.0,51460.0,498278
2024-01-15,51380.0,51800.0,50870.0,50870.0,443433
2024-01-16,50960.0,51040.0,50620.0,50870.0,266902
2024-01-17,50870.0,51040.0,50700.0,50870.0,470452
2024-01-18,51130.0,51130.0,50870.0,50960.0,446740
2024-01-19,52050.0,52050.0,51210.0,51720.0,715634
2024-01-22,51880.0,51880.0,51210.0,51290.0,360503
2024-01-23,51290.0,51380.0,50790.0,50790.0,346852
2024-01-24,50790.0,50960.0,50620.0,50790.0,472781
2024-01-25,50790.0,50870.0,49530.0,49530.0,1395775
2024-01-26,49690.0,49780.0,47920.0,48260.0,2068422
2024-01-29,48260.0,49690.0,48260.0,48770.0,702548
2024-01-30,48850.0,48850.0,48180.0,48180.0,733465
2024-01-31,48260.0,48770.0,47420.0,47420.0,1098018
2024-02-01,47500.0,48600.0,47500.0,48430.0,592985
2024-02-02,48510.0,48770.0,48010.0,48010.0,544853
2024-02-05,48180.0,48350.0,47920.0,48010.0,883732
2024-02-06,48010.0,48350.0,47840.0,48260.0,671760
2024-02-07,48260.0,48770.0,48090.0,48680.0,569318
2024-02-15,48770.0,49530.0,48770.0,49190.0,865475
2024-02-16,49270.0,49440.0,48680.0,48850.0,1079912
2024-02-19,48850.0,48940.0,48180.0,48770.0,1269141
2024-02-20,49100.0,50200.0,48850.0,49360.0,1644045
2024-02-21,49690.0,49690.0,48770.0,48940.0,1133039
2024-02-22,48940.0,49270.0,48770.0,48850.0,789630
2024-02-23,48850.0,49020.0,47920.0,48010.0,1500691
2024-02-26,48180.0,48350.0,47500.0,47670.0,810486
2024-02-27,47670.0,47670.0,47000.0,47420.0,1760729
2024-02-28,47590.0,48600.0,47590.0,48600.0,1091315
2024-02-29,48850.0,49860.0,48770.0,49270.0,2672516
2024-03-01,49530.0,49610.0,48940.0,49360.0,848894
2024-03-04,49440.0,49690.0,49020.0,49100.0,1253807
2024-03-05,49190.0,49610.0,48770.0,49610.0,1004691
2024-03-06,49860.0,52050.0,49780.0,51630.0,4282708
2024-03-07,51630.0,52470.0,50790.0,51040.0,2510848
2024-03-08,51290.0,51460.0,50110.0,50540.0,1826294
2024-03-11,50540.0,50960.0,49690.0,49950.0,2347402
2024-03-12,49950.0,50540.0,49690.0,49780.0,1291139
2024-03-13,49950.0,50200.0,49360.0,50200.0,1487461
2024-03-14,50450.0,50540.0,49440.0,49440.0,1459529
2024-03-15,49440.0,49530.0,48350.0,48850.0,2038776
2024-03-18,48940.0,49360.0,47250.0,47760.0,1834550
2024-03-19,48260.0,48350.0,47670.0,47920.0,654999
2024-03-20,48010.0,48090.0,47500.0,47920.0,740367
2024-03-21,48350.0,48510.0,48090.0,48180.0,738922
2024-03-22,48430.0,48510.0,48090.0,48260.0,699223
2024-03-25,48260.0,48600.0,47840.0,48010.0,1086958
2024-03-26,48010.0,48180.0,47670.0,47920.0,911011
2024-03-27,48010.0,48680.0,47920.0,48430.0,599038
2024-03-28,48430.0,48430.0,47920.0,48180.0,1075768
2024-03-29,48350.0,48350.0,47760.0,47760.0,619285
2024-04-01,47760.0,48090.0,47670.0,47840.0,601752
2024-04-02,47920.0,47920.0,47420.0,47500.0,1027947
2024-04-03,47500.0,47760.0,47170.0,47170.0,1442526
2024-04-04,47340.0,47670.0,47340.0,47590.0,992434
2024-04-05,47590.0,47590.0,47250.0,47250.0,948368
2024-04-08,47340.0,47340.0,46580.0,46580.0,1059929
2024-04-09,46660.0,46750.0,46240.0,46320.0,1019501
2024-04-10,46580.0,46750.0,46410.0,46580.0,523727
2024-04-11,46410.0,46830.0,46320.0,46660.0,494541
2024-04-12,46750.0,47420.0,46660.0,47170.0,957696
2024-04-15,47170.0,47170.0,45900.0,46320.0,928473
2024-04-16,46320.0,46320.0,44640.0,46160.0,1106910
2024-04-17,46160.0,46240.0,45480.0,45480.0,365654
2024-04-19,45230.0,45400.0,43800.0,44220.0,1186092
2024-04-22,44980.0,45230.0,44640.0,44810.0,357262
2024-04-23,45060.0,45150.0,44050.0,44640.0,374165
2024-04-24,44890.0,45310.0,44720.0,45150.0,467705
2024-04-25,45150.0,46750.0,45150.0,45820.0,1108298
2024-04-26,45820.0,46580.0,45570.0,45820.0,705831
2024-05-02,45990.0,47760.0,45900.0,47670.0,1581939
2024-05-03,48010.0,48090.0,47670.0,47760.0,785771
2024-05-06,47760.0,48430.0,47590.0,48010.0,885971
2024-05-07,48010.0,48770.0,47590.0,48600.0,914627
2024-05-08,48510.0,50540.0,48010.0,49610.0,2245283
2024-05-09,49610.0,49690.0,48430.0,48510.0,1041286
2024-05-10,48600.0,48940.0,48260.0,48510.0,785226
2024-05-13,48510.0,48770.0,47760.0,47920.0,726625
2024-05-14,48010.0,48430.0,47920.0,48090.0,479856
2024-05-15,48180.0,48850.0,48180.0,48510.0,897218
2024-05-16,48600.0,48940.0,48430.0,48430.0,770210
2024-05-17,48680.0,49610.0,48430.0,48940.0,1435808
2024-05-20,48940.0,49530.0,48680.0,48680.0,669938
2024-05-21,48680.0,49530.0,48430.0,48850.0,1172188
2024-05-22,49100.0,49360.0,48430.0,48430.0,928020
2024-05-23,48680.0,50280.0,48430.0,50110.0,1913528
2024-05-24,50110.0,50110.0,48680.0,48850.0,1323587
2024-05-27,48850.0,49360.0,48850.0,49270.0,654768
2024-05-28,49440.0,51380.0,49190.0,51380.0,2527809
2024-05-29,51380.0,51630.0,50790.0,50960.0,1469001
2024-05-30,50200.0,50540.0,49100.0,49950.0,1668613
2024-05-31,49950.0,49950.0,49100.0,49100.0,1492986
2024-06-03,49690.0,50620.0,49440.0,50030.0,1129204
2024-06-04,50280.0,51970.0,50110.0,51720.0,2339781
2024-06-05,52220.0,55250.0,52050.0,55250.0,2901042
2024-06-06,56010.0,57700.0,54920.0,55170.0,2273096
2024-06-07,55250.0,58450.0,55250.0,57190.0,2580958
2024-06-10,57780.0,57780.0,56350.0,57020.0,2029091
2024-06-11,57020.0,57440.0,56180.0,56940.0,1732213
2024-06-12,56940.0,56940.0,55930.0,56430.0,1707976
2024-06-13,56680.0,56680.0,55170.0,55250.0,1818241
2024-06-14,54580.0,54830.0,52730.0,53400.0,3856141
2024-06-17,53400.0,54240.0,52730.0,53570.0,1937986
2024-06-18,53740.0,53900.0,53230.0,53570.0,739771
2024-06-19,53570.0,53820.0,52050.0,52220.0,1466010
2024-06-20,52470.0,52890.0,51040.0,52300.0,949225
2024-06-21,52730.0,52890.0,51800.0,51800.0,961163
2024-06-24,52300.0,52980.0,51130.0,51800.0,950847
2024-06-25,51800.0,52050.0,49950.0,51040.0,1151267
2024-06-26,51040.0,51210.0,50370.0,50540.0,848970
2024-06-27,50870.0,51970.0,50450.0,51040.0,1076865
2024-06-28,51380.0,51630.0,50540.0,50540.0,948163
2024-07-01,51040.0,51290.0,50700.0,51290.0,279436
2024-07-02,51380.0,51550.0,51130.0,51550.0,425339
2024-07-03,51630.0,51800.0,51380.0,51800.0,450660
2024-07-04,52300.0,52300.0,51380.0,51380.0,680572
2024-07-05,51810.0,51900.0,50510.0,50510.0,1114172
2024-07-08,50510.0,50510.0,48510.0,49110.0,1319623
2024-07-09,49200.0,50940.0,48510.0,49900.0,1503849
2024-07-10,49990.0,50160.0,49110.0,49110.0,585180
2024-07-11,49550.0,49550.0,48940.0,49030.0,561841
2024-07-12,49200.0,49200.0,48510.0,48770.0,481863
2024-07-15,49110.0,49110.0,48510.0,48590.0,403189
2024-07-16,48590.0,48850.0,48420.0,48590.0,889460
2024-07-17,48590.0,48850.0,46760.0,47020.0,1129315
2024-07-18,47200.0,48330.0,46590.0,47290.0,1204348
2024-07-19,47290.0,48160.0,47290.0,48070.0,729070
2024-07-22,48070.0,49200.0,47630.0,48510.0,991338
2024-07-23,48510.0,48510.0,47630.0,47630.0,440069
2024-07-24,47810.0,47810.0,46940.0,47550.0,383745
2024-07-25,47810.0,47810.0,46760.0,47020.0,416835
2024-07-26,47630.0,48510.0,47460.0,47900.0,1302739
2024-07-29,48330.0,48420.0,47810.0,47810.0,427869
2024-07-30,47630.0,48330.0,47630.0,47720.0,714980
2024-07-31,47720.0,48420.0,47630.0,48240.0,926790
2024-08-01,48590.0,50070.0,47900.0,47900.0,1287112
2024-08-02,47900.0,48240.0,47460.0,47980.0,597713
2024-08-05,47630.0,47810.0,45280.0,45280.0,1610509
2024-08-06,45980.0,47020.0,45370.0,46420.0,739511
2024-08-07,46940.0,46940.0,45890.0,46070.0,704520
2024-08-08,46150.0,46850.0,45980.0,45980.0,892690
2024-08-09,46500.0,47200.0,46420.0,46680.0,471196
2024-08-12,46850.0,47370.0,46500.0,47020.0,543216
2024-08-13,47460.0,47720.0,46850.0,47290.0,733098
2024-08-14,47370.0,49380.0,47290.0,48510.0,1650379
2024-08-15,48590.0,49200.0,48510.0,48510.0,900634
2024-08-16,48420.0,49200.0,48330.0,49030.0,947192
2024-08-19,49030.0,50330.0,48850.0,50330.0,1179493
2024-08-20,50330.0,50940.0,49900.0,50510.0,971449
2024-08-21,50510.0,50510.0,49810.0,49990.0,778118
2024-08-22,50160.0,50330.0,49290.0,49640.0,787152
2024-08-23,49290.0,50070.0,49290.0,49550.0,651830
2024-08-26,49550.0,50250.0,49380.0,49380.0,579282
2024-08-27,49380.0,49990.0,49380.0,49640.0,693562
2024-08-28,49720.0,50600.0,49640.0,49990.0,998976
2024-08-29,49990.0,50680.0,49990.0,49990.0,825079
2024-08-30,50250.0,50940.0,49990.0,50070.0,1405777
2024-09-04,49810.0,50250.0,49640.0,49810.0,698805
2024-09-05,49900.0,50680.0,49380.0,49640.0,824912
2024-09-06,49640.0,49900.0,49380.0,49380.0,454555
2024-09-09,49380.0,49550.0,48420.0,48940.0,1130284
2024-09-10,49290.0,49550.0,48160.0,48160.0,1290342
2024-09-11,48510.0,48510.0,47900.0,48240.0,650046
2024-09-12,49110.0,49200.0,48160.0,48240.0,626039
2024-09-13,48330.0,49030.0,48330.0,48850.0,538500
2024-09-16,48510.0,49110.0,48510.0,48590.0,567335
2024-09-17,48510.0,49200.0,48510.0,49200.0,361624
2024-09-18,49200.0,49290.0,48850.0,48850.0,467194
2024-09-19,49030.0,49380.0,48940.0,49200.0,359188
2024-09-20,49460.0,49990.0,49200.0,49990.0,946980
2024-09-23,50070.0,50330.0,49720.0,49990.0,647059
2024-09-24,50250.0,50330.0,49810.0,50070.0,598950
2024-09-25,50070.0,50250.0,49900.0,49990.0,337827
2024-09-26,50070.0,50940.0,50070.0,50600.0,1092122
2024-09-27,50770.0,51200.0,50420.0,50940.0,794975
2024-09-30,51200.0,51200.0,50250.0,50330.0,551979
2024-10-01,50510.0,50510.0,50160.0,50330.0,559796
2024-10-02,50330.0,50330.0,49460.0,49550.0,635976
2024-10-03,49810.0,50250.0,49460.0,49460.0,606980
2024-10-04,49460.0,49640.0,49290.0,49290.0,381631
2024-10-07,49290.0,49720.0,49200.0,49380.0,415370
2024-10-08,49380.0,49550.0,48850.0,49030.0,515238
2024-10-09,49110.0,49290.0,48680.0,49110.0,614267
2024-10-10,49290.0,50420.0,49200.0,50250.0,686131
2024-10-11,50420.0,50680.0,49990.0,50070.0,379916
2024-10-14,50160.0,50250.0,49720.0,49810.0,335870
2024-10-15,49810.0,50680.0,49720.0,49720.0,643033
2024-10-16,49720.0,50330.0,49720.0,50330.0,532258
2024-10-17,50510.0,50510.0,49550.0,49900.0,295177
2024-10-18,50070.0,50600.0,49900.0,49990.0,245623
2024-10-21,49990.0,50160.0,49200.0,49290.0,646129
2024-10-22,49110.0,49200.0,48680.0,48770.0,646802
2024-10-23,48770.0,49200.0,48420.0,48770.0,369549
2024-10-24,48770.0,48770.0,48510.0,48680.0,228441
2024-10-25,48680.0,48770.0,48070.0,48330.0,449639
2024-10-28,48420.0,48420.0,48160.0,48330.0,239241
2024-10-29,48330.0,48510.0,48070.0,48240.0,258706
2024-10-30,48330.0,48510.0,47980.0,48070.0,357569
2024-10-31,48160.0,48940.0,48070.0,48070.0,486669
2024-11-01,48420.0,48850.0,48160.0,48160.0,437469
2024-11-04,48680.0,48850.0,48330.0,48330.0,457210
2024-11-05,48680.0,48850.0,48240.0,48330.0,271783
2024-11-06,48510.0,48770.0,48330.0,48590.0,391840
2024-11-07,48770.0,48850.0,48420.0,48420.0,294992
2024-11-08,48510.0,48680.0,48070.0,48070.0,516840
2024-11-11,48160.0,48590.0,48070.0,48160.0,446755
2024-11-12,48240.0,49990.0,48240.0,49290.0,1042873
2024-11-13,49380.0,49640.0,49030.0,49460.0,314754
2024-11-14,49460.0,49460.0,48770.0,48850.0,298923
2024-11-15,48770.0,48850.0,48330.0,48330.0,386405
2024-11-18,49030.0,49030.0,48160.0,48330.0,471821
2024-11-19,48770.0,48770.0,47900.0,47900.0,497799
2024-11-20,47630.0,48330.0,47630.0,48330.0,414956
2024-11-21,48420.0,48420.0,47980.0,48160.0,243542
2024-11-22,48160.0,48770.0,48160.0,48240.0,382698
2024-11-25,48680.0,48770.0,48330.0,48330.0,389157
2024-11-26,48420.0,49030.0,48420.0,48850.0,718632
2024-11-27,48850.0,49290.0,48850.0,48850.0,433356
2024-11-28,49110.0,49200.0,48330.0,48330.0,342689
2024-11-29,48330.0,48850.0,48070.0,48850.0,436443
2024-12-02,48940.0,49550.0,48770.0,48940.0,355817
2024-12-03,48940.0,49030.0,48590.0,48940.0,374807
2024-12-04,48940.0,50510.0,48770.0,49990.0,1382180
2024-12-05,50160.0,50510.0,49550.0,50070.0,677051
2024-12-06,50250.0,50940.0,49900.0,50250.0,1070661
2024-12-09,50250.0,50420.0,49810.0,50070.0,462824
2024-12-10,50070.0,50770.0,49990.0,50600.0,735884
2024-12-11,50680.0,50860.0,50160.0,50160.0,817854
2024-12-12,50160.0,50600.0,50070.0,50070.0,507667
2024-12-13,50070.0,50250.0,49810.0,49990.0,462050
2024-12-16,49990.0,50160.0,49810.0,49900.0,206963
2024-12-17,50070.0,50160.0,49640.0,49900.0,340000
2024-12-18,49900.0,50160.0,49900.0,49990.0,270169
2024-12-19,49640.0,49900.0,49110.0,49550.0,770702
2024-12-20,49550.0,49720.0,49110.0,49200.0,778955
2024-12-23,49640.0,50600.0,49380.0,49810.0,588678
2024-12-24,49900.0,50070.0,49640.0,49810.0,511338
2024-12-25,50070.0,50330.0,49810.0,49990.0,845934
2024-12-26,49800.0,50520.0,49800.0,50250.0,867303
2024-12-27,50340.0,50340.0,49710.0,50340.0,633109
2024-12-30,50250.0,50610.0,49800.0,50610.0,479261
2024-12-31,50430.0,50430.0,50070.0,50070.0,366340
2025-01-02,50340.0,50340.0,49710.0,50160.0,359447
2025-01-03,50160.0,50250.0,49620.0,49620.0,367540
2025-01-06,49530.0,50250.0,48360.0,48360.0,942417
2025-01-07,48450.0,48900.0,48450.0,48450.0,403696
2025-01-08,48450.0,48630.0,48360.0,48450.0,496812
2025-01-09,48450.0,48720.0,48270.0,48360.0,411589
2025-01-10,48360.0,48720.0,48360.0,48360.0,475785
2025-01-13,48180.0,49080.0,48090.0,48810.0,462553
2025-01-14,48720.0,49170.0,48720.0,49170.0,329356
2025-01-15,49620.0,49620.0,49080.0,49620.0,331944
2025-01-16,49440.0,49980.0,48540.0,48720.0,572692
2025-01-17,48630.0,49620.0,48000.0,48180.0,638356
2025-01-20,48360.0,48900.0,48360.0,48810.0,200734
2025-01-21,49080.0,49080.0,48270.0,48360.0,258460
2025-01-22,48630.0,48810.0,48360.0,48450.0,201578
2025-01-23,48720.0,48810.0,48360.0,48720.0,235547
2025-01-24,48450.0,48810.0,48450.0,48540.0,303212
2025-02-03,48360.0,48540.0,47460.0,47550.0,599809
2025-02-04,47640.0,47820.0,47280.0,47550.0,438773
2025-02-05,47640.0,47910.0,47550.0,47910.0,270329
2025-02-06,48000.0,48000.0,47550.0,47550.0,353492
2025-02-07,47550.0,47640.0,47190.0,47280.0,768918
2025-02-10,47100.0,47280.0,46920.0,47100.0,645306
2025-02-11,47010.0,47100.0,46460.0,46550.0,748820
2025-02-12,46650.0,46920.0,46650.0,46830.0,90829
2025-02-13,46830.0,46920.0,46650.0,46650.0,275121
2025-02-14,47280.0,47280.0,46460.0,46550.0,669129
2025-02-17,46460.0,46550.0,46010.0,46100.0,1116717
2025-02-18,46100.0,46460.0,46010.0,46190.0,489998
2025-02-19,46190.0,46370.0,46100.0,46280.0,871238
2025-02-20,46460.0,46550.0,46280.0,46370.0,580621
2025-02-21,46550.0,47100.0,46370.0,46740.0,752662
2025-02-24,46740.0,47280.0,46740.0,47280.0,714423
2025-02-25,48270.0,48270.0,47010.0,47280.0,484840
2025-02-26,47370.0,47370.0,46920.0,47100.0,648180
2025-02-27,47100.0,47190.0,46740.0,47100.0,457504
2025-02-28,46920.0,47190.0,46460.0,46460.0,929250
2025-03-03,46920.0,46920.0,46460.0,46650.0,580641
2025-03-04,46650.0,47010.0,46460.0,46920.0,736474
2025-03-05,46920.0,47010.0,46550.0,46740.0,480945
2025-03-06,46740.0,46830.0,46280.0,46370.0,1209978
2025-03-07,46830.0,46920.0,46100.0,46190.0,1426240
2025-03-10,46460.0,46650.0,46010.0,46370.0,1215216
2025-03-11,46280.0,46370.0,45920.0,46190.0,1573015
2025-03-12,46010.0,46460.0,46010.0,46100.0,1576565
2025-03-13,46100.0,46460.0,46010.0,46100.0,1125931
2025-03-14,46280.0,47280.0,46190.0,46550.0,1389247
2025-03-17,46920.0,47010.0,46370.0,46550.0,739736
2025-03-18,46550.0,46830.0,46100.0,46100.0,1621031
2025-03-19,46280.0,46280.0,45830.0,45830.0,2189365
2025-03-20,45920.0,46100.0,45560.0,45650.0,1385485
2025-03-21,45830.0,45830.0,45380.0,45380.0,1205632
2025-03-24,45380.0,45470.0,45020.0,45020.0,1550897
2025-03-25,45200.0,45290.0,44710.0,44710.0,1606302
2025-03-26,44710.0,45200.0,44570.0,44710.0,1264845
2025-03-27,44710.0,44840.0,44620.0,44710.0,988961
2025-03-28,44750.0,44840.0,44390.0,44480.0,1141601
2025-03-31,44430.0,44570.0,44120.0,44120.0,1126907
2025-04-01,44250.0,44750.0,44070.0,44520.0,957252
2025-04-02,44570.0,44620.0,44300.0,44480.0,630634
2025-04-03,43580.0,43580.0,41370.0,41370.0,3158944
2025-04-04,38480.0,40460.0,38480.0,39110.0,3851521
2025-04-08,39110.0,40190.0,38250.0,38430.0,3267737
2025-04-09,37440.0,40240.0,37440.0,39790.0,3153344
2025-04-10,42540.0,42540.0,42490.0,42540.0,598972
2025-04-11,43310.0,44750.0,42540.0,44210.0,4012370
2025-04-14,44660.0,44890.0,43800.0,44660.0,2475086
2025-04-15,44250.0,44300.0,43130.0,43940.0,2332871
2025-04-16,43490.0,43760.0,42720.0,42950.0,1344523
2025-04-17,42680.0,42860.0,42360.0,42400.0,1363877
2025-04-18,42770.0,43310.0,42590.0,42720.0,845618
2025-04-21,42680.0,42950.0,42490.0,42490.0,472772
2025-04-22,42400.0,42860.0,40600.0,42040.0,1205723
2025-04-23,43130.0,43850.0,42770.0,43850.0,1165003
2025-04-24,44210.0,44520.0,44030.0,44390.0,1698282
2025-04-25,44390.0,44660.0,44120.0,44660.0,1951895
2025-04-28,44620.0,46280.0,44430.0,46190.0,1968996
2025-04-29,45830.0,45830.0,43400.0,43400.0,4407144
2025-05-05,43220.0,43440.0,42540.0,43220.0,1251013
2025-05-06,43710.0,43710.0,43080.0,43170.0,790459
2025-05-07,43350.0,43670.0,43310.0,43350.0,767869
2025-05-08,43400.0,43980.0,43400.0,43800.0,859241
2025-05-09,44840.0,44840.0,44070.0,44210.0,940554
2025-05-12,44390.0,44660.0,44210.0,44620.0,1227578
2025-05-13,44750.0,44750.0,44390.0,44430.0,1007145
2025-05-14,44300.0,44800.0,44300.0,44660.0,1129231
2025-05-15,44660.0,45650.0,44660.0,45380.0,1280816
2025-05-16,45380.0,45740.0,45290.0,45560.0,700568
2025-05-19,45290.0,45290.0,44750.0,44840.0,754833
2025-05-20,44660.0,45020.0,44620.0,44930.0,584679
2025-05-21,44930.0,45070.0,44660.0,44750.0,577212
2025-05-22,44750.0,44840.0,44570.0,44800.0,794955
2025-05-23,44800.0,44840.0,44480.0,44620.0,397177
2025-05-26,45020.0,45020.0,43940.0,44620.0,716367
2025-05-27,44890.0,44890.0,44570.0,44620.0,591321
2025-05-28,44750.0,44840.0,44430.0,44620.0,598352
2025-05-29,44660.0,44930.0,44430.0,44430.0,773730
2025-05-30,44430.0,44480.0,43940.0,43980.0,1704102
2025-06-02,43980.0,44520.0,43800.0,44340.0,569970
2025-06-03,44390.0,44710.0,44390.0,44660.0,605168
2025-06-04,44750.0,45740.0,44710.0,45200.0,1485198
2025-06-05,45110.0,45290.0,44660.0,44660.0,994649
2025-06-06,44660.0,44890.0,44250.0,44250.0,755124
2025-06-09,44250.0,44570.0,44070.0,44070.0,924177
2025-06-10,44430.0,44430.0,44030.0,44070.0,844861
2025-06-11,44120.0,44300.0,44070.0,44210.0,347695
2025-06-12,44300.0,44750.0,44300.0,44620.0,631844
2025-06-13,44570.0,44570.0,44120.0,44300.0,963693
2025-06-16,44210.0,44840.0,44210.0,44710.0,977362
2025-06-17,44750.0,45830.0,44710.0,45070.0,1507277
2025-06-18,45070.0,45200.0,44660.0,44660.0,1298112
2025-06-19,44840.0,44980.0,44390.0,44620.0,1025994
2025-06-20,44660.0,44750.0,44480.0,44660.0,717034
2025-06-23,44390.0,44620.0,44300.0,44430.0,1050378
2025-06-24,44660.0,44800.0,44520.0,44800.0,710936
2025-06-25,44520.0,45560.0,44520.0,45380.0,1763863
2025-06-26,45740.0,45830.0,45380.0,45560.0,1285061
2025-06-27,45650.0,45920.0,45380.0,45650.0,3003369
2025-06-30,45650.0,45800.0,44980.0,45080.0,1926448
2025-07-01,45080.0,45080.0,44600.0,44650.0,906758
2025-07-02,44600.0,44600.0,44210.0,44500.0,1100593
2025-07-03,44500.0,44690.0,44360.0,44360.0,1536347
2025-07-04,44690.0,44690.0,44410.0,44500.0,849176
2025-07-07,44600.0,44740.0,44410.0,44500.0,1321381
2025-07-08,44550.0,44930.0,44550.0,44930.0,1640468
2025-07-09,45080.0,45800.0,44980.0,45700.0,2603822
2025-07-10,45750.0,46370.0,45750.0,46130.0,2152137
2025-07-11,46130.0,46280.0,45560.0,46180.0,2445826
2025-07-14,46180.0,46370.0,45700.0,46040.0,1273694
2025-07-15,46040.0,46900.0,45990.0,46080.0,2153705
2025-07-16,46080.0,46180.0,45700.0,46040.0,1367279
2025-07-17,46080.0,46710.0,45890.0,46420.0,2043467
2025-07-18,46560.0,46560.0,46040.0,46230.0,1339391
2025-07-21,46080.0,46370.0,45750.0,45750.0,1646225
2025-07-22,45800.0,45940.0,45560.0,45840.0,798822
2025-07-23,45890.0,46900.0,45560.0,46610.0,2662253
2025-07-24,46950.0,47960.0,46710.0,47000.0,2247810
2025-07-25,47000.0,47090.0,46850.0,47090.0,1336133
2025-07-28,47330.0,47480.0,46900.0,47280.0,2669575
2025-07-29,47280.0,47480.0,45410.0,45410.0,2639837
2025-07-30,45460.0,45840.0,45410.0,45650.0,2021422
2025-07-31,45750.0,46420.0,45560.0,45700.0,1915348
2025-08-01,45750.0,46080.0,45750.0,45990.0,1032904
2025-08-04,46040.0,46130.0,45700.0,46130.0,806022
2025-08-05,46130.0,46230.0,45460.0,45560.0,2104047
2025-08-06,45650.0,46180.0,45410.0,45840.0,982201
2025-08-07,46040.0,46040.0,45610.0,45750.0,861395
2025-08-08,45750.0,46180.0,45650.0,45890.0,931648
2025-08-11,46040.0,46560.0,46040.0,46230.0,1469077
2025-08-12,46420.0,46560.0,46230.0,46320.0,1259615
2025-08-13,46470.0,46470.0,45890.0,45990.0,1128295
2025-08-14,46130.0,46130.0,45800.0,45940.0,1145023
2025-08-15,45990.0,45990.0,45460.0,45560.0,1555041
2025-08-18,45610.0,45800.0,45220.0,45220.0,964848
2025-08-19,45320.0,45410.0,45130.0,45220.0,1047339
2025-08-20,45220.0,45220.0,44650.0,44840.0,1214753
2025-08-21,44650.0,44980.0,44410.0,44690.0,1407713
2025-08-22,44600.0,44690.0,43830.0,43930.0,1849343
2025-08-25,43930.0,44120.0,43640.0,43730.0,992338
2025-08-26,43730.0,44020.0,43590.0,44020.0,697277
2025-08-27,44210.0,44410.0,43970.0,44120.0,1210522
2025-08-28,44120.0,44740.0,44120.0,44650.0,545940
2025-08-29,44890.0,44980.0,44650.0,44650.0,789356
2025-09-03,44690.0,44690.0,44360.0,44450.0,559833
2025-09-04,44600.0,45270.0,44450.0,45170.0,1013814
2025-09-05,45320.0,45560.0,45170.0,45370.0,1243927
2025-09-08,45560.0,45610.0,44840.0,44890.0,871031
2025-09-09,44840.0,44890.0,44310.0,44410.0,859127
2025-09-10,44600.0,44690.0,44260.0,44360.0,507323
2025-09-11,44500.0,44600.0,43830.0,44500.0,706345
2025-09-12,44410.0,45460.0,44410.0,44740.0,1051676
2025-09-15,45030.0,45080.0,44740.0,44790.0,508363
2025-09-16,45030.0,46180.0,44690.0,45840.0,2746032
2025-09-17,45840.0,46180.0,45370.0,45370.0,984214
2025-09-18,45510.0,45610.0,44790.0,44890.0,1012383
2025-09-19,45030.0,45030.0,44120.0,44120.0,1386552
2025-09-22,44210.0,44550.0,43640.0,43830.0,1356281
2025-09-23,43930.0,44210.0,43780.0,43930.0,448364
2025-09-24,44020.0,44210.0,43640.0,44210.0,504371
2025-09-25,44260.0,44360.0,43880.0,43970.0,469511
2025-09-26,44170.0,44170.0,43780.0,43780.0,481447
2025-09-29,43830.0,43830.0,43500.0,43640.0,572552
2025-09-30,43640.0,43730.0,43300.0,43350.0,553703
2025-10-01,43450.0,43690.0,43350.0,43450.0,324448
2025-10-02,43540.0,43880.0,43540.0,43540.0,697181
2025-10-03,43590.0,43930.0,43540.0,43690.0,426230
2025-10-06,44170.0,44310.0,43830.0,44260.0,900631
2025-10-07,44550.0,44550.0,44020.0,44120.0,697575
2025-10-08,44410.0,44500.0,44070.0,44070.0,519128
2025-10-09,44120.0,44170.0,43690.0,43730.0,558452
2025-10-10,43730.0,44070.0,43690.0,43970.0,482467
2025-10-13,43640.0,44070.0,43500.0,44070.0,522856
2025-10-14,43930.0,44070.0,43540.0,43540.0,580306
2025-10-15,43590.0,43830.0,43400.0,43400.0,544913
2025-10-16,43450.0,43730.0,43260.0,43350.0,468609
2025-10-17,43350.0,43640.0,43060.0,43400.0,827155
2025-10-20,43210.0,43400.0,42200.0,42200.0,970293
2025-10-21,42340.0,42680.0,42200.0,42630.0,808590
2025-10-22,42630.0,42970.0,42440.0,42970.0,391268
2025-10-23,42970.0,43780.0,42730.0,43590.0,731324
2025-10-24,43640.0,43640.0,43160.0,43300.0,355142
2025-10-27,43640.0,43880.0,43350.0,43590.0,692231
2025-10-28,43590.0,43780.0,43500.0,43590.0,406347
2025-10-29,43930.0,44120.0,43590.0,43880.0,763609
2025-10-30,44020.0,44020.0,43540.0,43830.0,624354
2025-10-31,43970.0,44020.0,43730.0,43970.0,575743
2025-11-03,43930.0,44740.0,43880.0,44410.0,860864
2025-11-04,44550.0,44550.0,43640.0,44360.0,852899
2025-11-05,44410.0,44450.0,44070.0,44310.0,567079
2025-11-06,44120.0,44410.0,44020.0,44260.0,544276
2025-11-07,44020.0,44500.0,44020.0,44210.0,560942
2025-11-10,44310.0,44450.0,44120.0,44120.0,522466
2025-11-11,44070.0,45320.0,44020.0,44890.0,1273398
2025-11-12,44890.0,45170.0,44690.0,45030.0,754620
2025-11-13,45170.0,45610.0,44930.0,45460.0,1124211
2025-11-14,45460.0,45610.0,45130.0,45170.0,844615
2025-11-17,45170.0,45650.0,45170.0,45320.0,1035258
2025-11-18,45370.0,45560.0,44890.0,45270.0,624255
2025-11-19,45270.0,45270.0,44980.0,45080.0,665680
2025-11-20,45460.0,45560.0,45030.0,45130.0,777575
2025-11-21,45030.0,45030.0,44600.0,44790.0,542758
2025-11-24,44790.0,45080.0,44260.0,44260.0,865452
2025-11-25,44310.0,44890.0,44210.0,44410.0,435911
2025-11-26,44500.0,44890.0,44500.0,44600.0,375429
2025-11-27,44840.0,44840.0,44450.0,44500.0,301893
2025-11-28,44500.0,44740.0,44410.0,44500.0,382114
2025-12-01,44650.0,47570.0,44650.0,47000.0,4110688
2025-12-02,47000.0,50260.0,46850.0,50260.0,5653741
2025-12-03,51790.0,52180.0,49780.0,49780.0,3237799
2025-12-04,49390.0,50070.0,48430.0,48820.0,2808840
2025-12-05,48820.0,49200.0,47760.0,47760.0,2545894
2025-12-08,47760.0,51020.0,47670.0,51020.0,5257247
2025-12-09,52270.0,53040.0,51120.0,51120.0,4333912
2025-12-10,51120.0,51220.0,49300.0,49390.0,2435786
2025-12-11,49590.0,50830.0,49390.0,50160.0,1645628
2025-12-12,49870.0,50450.0,47910.0,47960.0,2536837
2025-12-15,48240.0,49390.0,47960.0,48430.0,1512039
2025-12-16,48910.0,49870.0,46130.0,49590.0,2085346
2025-12-17,49680.0,49680.0,48050.0,48050.0,1557109
2025-12-18,48530.0,48630.0,47760.0,48150.0,1044322
2025-12-19,48150.0,48150.0,47570.0,47670.0,1139995
2025-12-22,47670.0,48240.0,47430.0,47570.0,1000065
2025-12-23,47670.0,47860.0,46900.0,47480.0,1432258
2025-12-24,47480.0,47570.0,46800.0,46800.0,998692
2025-12-25,46800.0,47480.0,46230.0,46230.0,1147913
2025-12-26,46130.0,47190.0,46130.0,46760.0,1436057
2025-12-29,46800.0,47240.0,46610.0,46800.0,885071
2025-12-30,46900.0,47860.0,46420.0,47570.0,1281754
2025-12-31,47570.0,47570.0,47000.0,47000.0,581755
2026-01-05,47140.0,47190.0,46080.0,46130.0,1627486
2026-01-06,46230.0,46230.0,45220.0,45610.0,1946074
2026-01-07,45650.0,46850.0,45650.0,46520.0,2003098
2026-01-08,46520.0,47380.0,46320.0,46320.0,1602353
2026-01-09,46900.0,47860.0,46610.0,46950.0,2046272
2026-01-12,47200.0,47450.0,46150.0,47000.0,1687846
2026-01-13,47050.0,50200.0,47050.0,50200.0,3328455
2026-01-14,51300.0,53700.0,51300.0,53700.0,4561544
2026-01-15,55000.0,57100.0,52700.0,52700.0,6089903
2026-01-16,52700.0,53800.0,51800.0,52500.0,2858276
2026-01-19,52500.0,52700.0,50200.0,51100.0,2773536
2026-01-20,52000.0,54300.0,51500.0,52300.0,3639462
2026-01-21,52000.0,52000.0,50200.0,50600.0,2226464
2026-01-22,51000.0,52000.0,50500.0,50600.0,1399834
2026-01-23,50700.0,51300.0,48900.0,49300.0,2328200
2026-01-26,49300.0,50000.0,48300.0,48500.0,1694200
2026-01-27,48950.0,49550.0,48250.0,49550.0,1290400
2026-01-28,49900.0,50300.0,48750.0,48950.0,1151800
2026-01-29,49100.0,50600.0,49000.0,50300.0,1623900
2026-01-30,51000.0,51400.0,49900.0,49900.0,1724800
2026-02-02,49900.0,50900.0,49200.0,49900.0,1193500
2026-02-03,50900.0,52400.0,50300.0,52100.0,2564900
2026-02-04,52400.0,53300.0,51600.0,51700.0,1558600
2026-02-05,52200.0,52200.0,50000.0,50100.0,1682000
2026-02-06,49500.0,49800.0,48700.0,48750.0,1886100
2026-02-09,48900.0,49450.0,48900.0,49450.0,519800
2026-02-10,49450.0,49650.0,47750.0,48350.0,1278300
2026-02-11,48400.0,48800.0,48050.0,48700.0,675500
2026-02-12,48700.0,49200.0,48500.0,48800.0,508400
2026-02-13,49000.0,49000.0,48400.0,48500.0,758900
2026-02-23,48600.0,49150.0,48600.0,48850.0,747400
2026-02-24,48850.0,49250.0,48650.0,48800.0,812400
2026-02-25,48800.0,49900.0,48800.0,49200.0,1341700
2026-02-26,49500.0,49550.0,48800.0,49100.0,1107900
2026-02-27,49100.0,49200.0,48350.0,48400.0,1197000
2026-03-02,47050.0,47850.0,47000.0,47200.0,1618800
2026-03-03,47000.0,47450.0,45300.0,46000.0,2424900
2026-03-04,46050.0,46500.0,45200.0,46000.0,1327100
2026-03-05,46150.0,46450.0,45650.0,45650.0,768200
2026-03-06,45650.0,46200.0,45550.0,45600.0,804600
2026-03-09,43750.0,44000.0,42450.0,42450.0,3538000
2026-03-10,43600.0,44750.0,43100.0,44750.0,1473200
2026-03-11,44600.0,45000.0,44050.0,44800.0,966300
2026-03-12,44650.0,44650.0,43700.0,43750.0,824200
2026-03-13,43750.0,44650.0,43650.0,44400.0,599500
2026-03-16,44200.0,44650.0,44100.0,44500.0,465900
2026-03-17,44500.0,45200.0,44350.0,44350.0,700800
2026-03-18,44500.0,44850.0,43900.0,44450.0,577100
2026-03-19,44350.0,44450.0,43600.0,44350.0,840600
2026-03-20,44350.0,44350.0,42600.0,42600.0,1019800
2026-03-23,42500.0,43200.0,42200.0,42900.0,789200
2026-03-24,43450.0,45100.0,43250.0,45100.0,779500
2026-03-25,44800.0,45150.0,44400.0,44750.0,817400
2026-03-26,44650.0,44650.0,43600.0,43750.0,472100
2026-03-27,44000.0,44350.0,43750.0,44150.0,346700
2026-03-30,43900.0,44550.0,42050.0,44150.0,668100
2026-03-31,44250.0,44650.0,44150.0,44300.0,413500
2026-04-01,44750.0,44800.0,44350.0,44500.0,469200
2026-04-02,44700.0,44700.0,44100.0,44200.0,401600
2026-04-03,44600.0,44750.0,44100.0,44100.0,543600
2026-04-06,44200.0,44750.0,44050.0,44400.0,640800
2026-04-07,44450.0,44600.0,43900.0,44050.0,408500
2026-04-08,44950.0,45550.0,44500.0,45400.0,901300
2026-04-09,45000.0,45450.0,44850.0,45100.0,510700
2026-04-10,45150.0,45950.0,45150.0,45800.0,627600
2026-04-13,45500.0,46000.0,45250.0,45450.0,427500
2026-04-14,45750.0,45950.0,45050.0,45150.0,554900
2026-04-15,45650.0,46350.0,45150.0,46150.0,805700
2026-04-16,46200.0,46200.0,45300.0,45750.0,349400
2026-04-17,46000.0,46450.0,45300.0,45500.0,676000
2026-04-20,45500.0,45900.0,45350.0,45500.0,249100
2026-04-21,45700.0,45700.0,45150.0,45150.0,486700
2026-04-22,45200.0,45300.0,44800.0,45050.0,621600
2026-04-23,45050.0,48200.0,44850.0,48200.0,3372800
2026-04-24,48100.0,48100.0,46650.0,47000.0,825900
2026-04-28,47250.0,49400.0,47100.0,48500.0,1524700
2026-04-29,48000.0,48500.0,47500.0,47500.0,590700
2026-05-04,47500.0,47800.0,46550.0,47350.0,884900
2026-05-05,47250.0,47300.0,46150.0,47050.0,1090900
2026-05-06,47000.0,47800.0,46550.0,47800.0,654100
2026-05-07,47800.0,47800.0,46500.0,46650.0,1146500
2026-05-08,46400.0,46650.0,46200.0,46250.0,886100
2026-05-11,46250.0,47800.0,45800.0,47600.0,1480800
2026-05-12,47700.0,47750.0,46550.0,47000.0,656300
2026-05-13,47000.0,47000.0,46150.0,46550.0,586800
2026-05-14,46650.0,47500.0,46650.0,47000.0,511700
2026-05-15,47450.0,49100.0,47150.0,48550.0,1646900
2026-05-18,48550.0,48650.0,47750.0,48400.0,570000
2026-05-19,48450.0,49200.0,47650.0,48500.0,972600
2026-05-20,48500.0,48500.0,47200.0,47700.0,716000
2026-05-21,48100.0,48650.0,47650.0,48000.0,665600
2026-05-22,48300.0,49350.0,48050.0,48100.0,917600
2026-05-25,48000.0,48950.0,47850.0,47900.0,439000
2026-05-26,48000.0,48000.0,47100.0,47200.0,880400
2026-05-27,47350.0,47750.0,47050.0,47750.0,437900
2026-05-28,47700.0,47700.0,47200.0,47200.0,345600
2026-05-29,47300.0,47400.0,46950.0,46950.0,520300
2026-06-01,46850.0,47250.0,46800.0,47200.0,416200
2026-06-02,47150.0,47250.0,46800.0,47000.0,596100
2026-06-03,46750.0,48100.0,46750.0,47500.0,625500
2026-06-04,47500.0,47900.0,47350.0,47800.0,285400
2026-06-05,47900.0,48300.0,47000.0,47800.0,589100
2026-06-08,47800.0,47800.0,46600.0,47000.0,771900
2026-06-09,47250.0,47400.0,47000.0,47150.0,316800
2026-06-10,47300.0,47550.0,47150.0,47550.0,284900
2026-06-11,47500.0,49200.0,47450.0,48600.0,1436400
2026-06-12,48700.0,49350.0,48500.0,48600.0,850800
2026-06-15,48500.0,49300.0,48150.0,48500.0,567600
2026-06-16,48500.0,49850.0,48150.0,49100.0,1268100
2026-06-17,49100.0,49400.0,48650.0,48800.0,423500
2026-06-18,48600.0,48700.0,48200.0,48200.0,563100
2026-06-19,48200.0,48450.0,48100.0,48150.0,318800
2026-06-22,48100.0,48400.0,48050.0,48200.0,310900
2026-06-23,48950.0,48950.0,47600.0,47800.0,602600
2026-06-24,47800.0,48050.0,47500.0,47800.0,266600
2026-06-25,47950.0,48950.0,47950.0,48600.0,642500
2026-06-26,48650.0,48900.0,48500.0,48700.0,485600
2026-06-29,48750.0,48950.0,47800.0,48000.0,753400
2026-06-30,48100.0,48700.0,48100.0,48500.0,653200
2026-07-01,48500.0,48600.0,48100.0,48350.0,372900
2026-07-02,48350.0,48800.0,48200.0,48600.0,650500
2026-07-03,48800.0,48800.0,47900.0,47900.0,800100
2026-07-06,47900.0,48150.0,46800.0,47150.0,863000
2026-07-07,47150.0,47450.0,47000.0,47250.0,398900
2026-07-08,47250.0,47400.0,47050.0,47200.0,485900
2026-07-09,47200.0,47650.0,47100.0,47150.0,302100
2026-07-10,47200.0,47400.0,46800.0,47150.0,377800
2026-07-13,47150.0,47200.0,45900.0,46150.0,900100
2026-07-14,46150.0,46900.0,45900.0,46800.0,400600
2026-07-15,46950.0,46950.0,46000.0,46050.0,311700
2026-07-16,46100.0,46600.0,45750.0,46350.0,515200
2026-07-17,46300.0,46900.0,46050.0,46900.0,341400
2026-07-20,47050.0,47900.0,46800.0,47300.0,609300
2026-07-21,47100.0,47550.0,47000.0,47000.0,492300
2026-07-22,47300.0,47300.0,46900.0,46950.0,518500
2026-07-23,47250.0,47250.0,45000.0,47000.0,875600
2026-07-24,43880.0,43880.0,43080.0,43510.0,620048
2026-07-27,43690.0,44110.0,43460.0,43600.0,894060
2026-07-28,43000.0,43500.0,42700.0,43150.0,568285
2026-07-29,43400.0,43400.0,42950.0,43000.0,548829
2026-07-30,43500.0,44000.0,43000.0,43400.0,678667
2026-07-31,43950.0,44000.0,43550.0,43550.0,519829
2026-08-03,43900.0,44800.0,43550.0,44800.0,1231889
2026-08-04,44650.0,45150.0,44250.0,45100.0,645303
2026-08-05,45000.0,45100.0,44400.0,44400.0,489335
2026-08-06,44350.0,44400.0,43700.0,43700.0,582492
2026-08-07,43700.0,45300.0,43700.0,44750.0,784019
2026-08-10,45100.0,46550.0,44850.0,46500.0,2429700
2026-08-11,46050.0,46350.0,45650.0,45650.0,549400
2026-08-12,45900.0,46350.0,45350.0,46300.0,965700
2026-08-13,46250.0,46300.0,45550.0,45850.0,687300
2026-08-14,45850.0,46500.0,45300.0,45300.0,812400
2026-08-17,45300.0,45900.0,45050.0,45750.0,644800
2026-08-18,45850.0,46300.0,45500.0,46300.0,907600
2026-08-19,46200.0,46550.0,45650.0,45900.0,445500
2026-08-20,45950.0,47200.0,45900.0,46800.0,1646400
2026-08-21,47000.0,47000.0,46400.0,46800.0,646200
2026-08-24,46900.0,46900.0,45650.0,46100.0,1184800
